{"type":"FeatureCollection","features":[{"type":"Feature","id":1,"geometry":{"type":"LineString","coordinates":[[-119.20788409399974,40.767451581781273],[-119.20827212522381,40.767454318826033],[-119.20866007811651,40.767462581713993],[-119.20904787398985,40.767476368769188],[-119.20943543418768,40.767495677195214],[-119.20982268010169,40.767520503075772],[-119.2102095331873,40.767550841375453],[-119.21059591497958,40.767586685940785]]},"properties":{"OBJECTID":1,"name":"K","source":"annular","kind":"annular","width_ft":50}},{"type":"Feature","id":2,"geometry":{"type":"LineString","coordinates":[[-119.20517227305866,40.767586686391518],[-119.20555865484265,40.767550841761867],[-119.20594550792086,40.767520503397819],[-119.20633275382842,40.767495677452864],[-119.20672031402073,40.76747636896242],[-119.20710810988945,40.7674625818428],[-119.20749606277845,40.767454318890429],[-119.20788409399974,40.767451581781273]]},"properties":{"OBJECTID":2,"name":"K","source":"annular","kind":"annular","width_ft":50}},{"type":"Feature","id":3,"geometry":{"type":"LineString","coordinates":[[-119.20788409407469,40.767973082971217],[-119.20788409399974,40.767451581781273]]},"properties":{"OBJECTID":3,"name":"4:30","source":"radial","kind":"avenue","width_ft":40}},{"type":"Feature","id":4,"geometry":{"type":"LineString","coordinates":[[-119.21059591497958,40.767586685940785],[-119.21097899103336,40.767627721299476],[-119.21136143424518,40.767674286880961],[-119.21174316478297,40.767726372965036],[-119.21212410296347,40.767783968679133],[-119.21250416926878,40.767847062000598],[-119.212883284363,40.767915639759188],[-119.21326136910882,40.767989687639826]]},"properties":{"OBJECTID":4,"name":"K","source":"annular","kind":"annular","width_ft":50}},{"type":"Feature","id":5,"geometry":{"type":"LineString","coordinates":[[-119.2025068190452,40.767989688533603],[-119.20288490377163,40.767915640589813],[-119.20326401884742,40.767847062768006],[-119.20364408513525,40.76778396938326],[-119.20402502329921,40.767726373605839],[-119.20440675382143,40.767674287458419],[-119.2047891970186,40.767627721813568],[-119.20517227305866,40.767586686391518]]},"properties":{"OBJECTID":5,"name":"K","source":"annular","kind":"annular","width_ft":50}},{"type":"Feature","id":6,"geometry":{"type":"LineString","coordinates":[[-119.21050640442802,40.768103730818972],[-119.21059591497958,40.767586685940785]]},"properties":{"OBJECTID":6,"name":"4:45","source":"radial","kind":"path","width_ft":20}},{"type":"Feature","id":7,"geometry":{"type":"LineString","coordinates":[[-119.20788409407469,40.767973082971217],[-119.20825931734947,40.767975730118529],[-119.20863446487203,40.767983720715868],[-119.20900946055164,40.767997053142508],[-119.20938422832839,40.768015724694251],[-119.20975869218856,40.768039731583961],[-119.2101327761801,40.768069068942353],[-119.21050640442802,40.768103730818972]]},"properties":{"OBJECTID":7,"name":"J","source":"annular","kind":"annular","width_ft":30}},{"type":"Feature","id":8,"geometry":{"type":"LineString","coordinates":[[-119.2052617837589,40.768103731254833],[-119.20563541199877,40.768069069316013],[-119.20600949598318,40.768039731895364],[-119.2063839598371,40.768015724943375],[-119.20675872760847,40.767997053329346],[-119.20713372328362,40.767983720840405],[-119.2075088708026,40.767975730180787],[-119.20788409407469,40.767973082971217]]},"properties":{"OBJECTID":8,"name":"J","source":"annular","kind":"annular","width_ft":30}},{"type":"Feature","id":9,"geometry":{"type":"LineString","coordinates":[[-119.2052617837589,40.768103731254833],[-119.20517227305866,40.767586686391518]]},"properties":{"OBJECTID":9,"name":"4:15","source":"radial","kind":"path","width_ft":20}},{"type":"Feature","id":10,"geometry":{"type":"LineString","coordinates":[[-119.20788409414574,40.768467134174564],[-119.20788409407469,40.767973082971217]]},"properties":{"OBJECTID":10,"name":"4:30","source":"radial","kind":"avenue","width_ft":40}},{"type":"Feature","id":11,"geometry":{"type":"LineString","coordinates":[[-119.21308387573471,40.768493431866496],[-119.21326136910882,40.767989687639826]]},"properties":{"OBJECTID":11,"name":"5:00","source":"radial","kind":"avenue","width_ft":40}},{"type":"Feature","id":12,"geometry":{"type":"LineString","coordinates":[[-119.21050640442802,40.768103730818972],[-119.21087683570292,40.768143411913421],[-119.21124665502093,40.768188440689769],[-119.21161578518506,40.768238807748588],[-119.21198414914213,40.76829450257614],[-119.21235166999891,40.768355513546538],[-119.21271827103817,40.7684218279242],[-119.21308387573471,40.768493431866496]]},"properties":{"OBJECTID":12,"name":"J","source":"annular","kind":"annular","width_ft":30}},{"type":"Feature","id":13,"geometry":{"type":"LineString","coordinates":[[-119.20268431256409,40.768493433631292],[-119.20304991723579,40.768421829496347],[-119.20341651825322,40.768355514926895],[-119.20378403909115,40.76829450376561],[-119.20415240303228,40.768238808748123],[-119.2045215331834,40.768188441500357],[-119.20489135249129,40.768143412536112],[-119.2052617837589,40.768103731254833]]},"properties":{"OBJECTID":13,"name":"J","source":"annular","kind":"annular","width_ft":30}},{"type":"Feature","id":14,"geometry":{"type":"LineString","coordinates":[[-119.20268431256409,40.768493433631292],[-119.2025068190452,40.767989688533603]]},"properties":{"OBJECTID":14,"name":"4:00","source":"radial","kind":"avenue","width_ft":40}},{"type":"Feature","id":15,"geometry":{"type":"LineString","coordinates":[[-119.205346582842,40.768593551985958],[-119.2057684314393,40.768554922444217],[-119.20619086362889,40.768523307167222],[-119.20661376278957,40.768498714883044],[-119.20703701217121,40.768481152380886],[-119.20746049492702,40.768470624509241],[-119.20788409414574,40.768467134174564]]},"properties":{"OBJECTID":15,"name":"I","source":"annular","kind":"annular","width_ft":30}},{"type":"Feature","id":16,"geometry":{"type":"LineString","coordinates":[[-119.205346582842,40.768593551985958],[-119.2052617837589,40.768103731254833]]},"properties":{"OBJECTID":16,"name":"4:15","source":"radial","kind":"path","width_ft":20}},{"type":"Feature","id":17,"geometry":{"type":"LineString","coordinates":[[-119.21042160430144,40.768593554265706],[-119.21050640442802,40.768103730818972]]},"properties":{"OBJECTID":17,"name":"4:45","source":"radial","kind":"path","width_ft":20}},{"type":"Feature","id":18,"geometry":{"type":"LineString","coordinates":[[-119.20788409414574,40.768467134174564],[-119.2083076931889,40.768470624900743],[-119.20873117576268,40.768481153159399],[-119.20915442495597,40.768498716043986],[-119.20957732392205,40.768523308705916],[-119.20999975591091,40.768554924355875],[-119.21042160430144,40.768593554265706]]},"properties":{"OBJECTID":18,"name":"I","source":"annular","kind":"annular","width_ft":30}},{"type":"Feature","id":19,"geometry":{"type":"LineString","coordinates":[[-119.21326136910882,40.767989687639826],[-119.21363304058531,40.768068098313762],[-119.21400350558,40.768152024519054],[-119.21437268224821,40.768241447714381],[-119.21474048902994,40.768336348144011],[-119.21510684466776,40.768436704842131],[-119.21547166822486,40.76854249563754],[-119.21583487910296,40.768653697158491]]},"properties":{"OBJECTID":19,"name":"K","source":"annular","kind":"annular","width_ft":50}},{"type":"Feature","id":20,"geometry":{"type":"LineString","coordinates":[[-119.19993330924183,40.768653698480058],[-119.20029652008967,40.768542496898256],[-119.20066134361755,40.768436706041889],[-119.20102769922713,40.768336349282698],[-119.20139550598161,40.768241448791933],[-119.20176468262358,40.768152025535386],[-119.20213514759298,40.768068099268831],[-119.2025068190452,40.767989688533603]]},"properties":{"OBJECTID":20,"name":"K","source":"annular","kind":"annular","width_ft":50}},{"type":"Feature","id":21,"geometry":{"type":"LineString","coordinates":[[-119.20285246080802,40.768970648379629],[-119.20326530212174,40.768890309555118],[-119.20367943891968,40.768816940695061],[-119.20409475353718,40.768750562645046],[-119.20451112797492,40.768691194264413],[-119.20492844393252,40.768638852420921],[-119.205346582842,40.768593551985958]]},"properties":{"OBJECTID":21,"name":"I","source":"annular","kind":"annular","width_ft":30}},{"type":"Feature","id":22,"geometry":{"type":"LineString","coordinates":[[-119.20285246080802,40.768970648379629],[-119.20268431256409,40.768493433631292]]},"properties":{"OBJECTID":22,"name":"4:00","source":"radial","kind":"avenue","width_ft":40}},{"type":"Feature","id":23,"geometry":{"type":"LineString","coordinates":[[-119.21291572525955,40.768970652045851],[-119.21308387573471,40.768493431866496]]},"properties":{"OBJECTID":23,"name":"5:00","source":"radial","kind":"avenue","width_ft":40}},{"type":"Feature","id":24,"geometry":{"type":"LineString","coordinates":[[-119.21042160430144,40.768593554265706],[-119.21083974304169,40.768638854937286],[-119.21125705882596,40.768691197015265],[-119.21167343308637,40.768750565628203],[-119.21208874752253,40.76881694390827],[-119.21250288413513,40.768890312996035],[-119.21291572525955,40.768970652045851]]},"properties":{"OBJECTID":24,"name":"I","source":"annular","kind":"annular","width_ft":30}},{"type":"Feature","id":25,"geometry":{"type":"LineString","coordinates":[[-119.21557243738128,40.769135522911064],[-119.21583487910296,40.768653697158491]]},"properties":{"OBJECTID":25,"name":"5:15","source":"radial","kind":"path","width_ft":20}},{"type":"Feature","id":26,"geometry":{"type":"LineString","coordinates":[[-119.21308387573471,40.768493431866496],[-119.21344327880661,40.768569254215791],[-119.2138015152197,40.768650410047876],[-119.21415850583054,40.768736881433391],[-119.21451417177093,40.768828649268634],[-119.21486843446533,40.76892569327979],[-119.21522121564819,40.769027992027382],[-119.21557243738128,40.769135522911064]]},"properties":{"OBJECTID":26,"name":"J","source":"annular","kind":"annular","width_ft":30}},{"type":"Feature","id":27,"geometry":{"type":"LineString","coordinates":[[-119.2001957511021,40.769135524189039],[-119.2005469728127,40.769027993378735],[-119.20089975397174,40.768925694703277],[-119.20125401664099,40.768828650762998],[-119.20160968255495,40.768736882997345],[-119.2019666731381,40.768650411680113],[-119.20232490952228,40.768569255914983],[-119.20268431256409,40.768493433631292]]},"properties":{"OBJECTID":27,"name":"J","source":"annular","kind":"annular","width_ft":30}},{"type":"Feature","id":28,"geometry":{"type":"LineString","coordinates":[[-119.2001957511021,40.769135524189039],[-119.19993330924183,40.768653698480058]]},"properties":{"OBJECTID":28,"name":"3:45","source":"radial","kind":"path","width_ft":20}},{"type":"Feature","id":29,"geometry":{"type":"LineString","coordinates":[[-119.20788409425624,40.769235656783543],[-119.20788409414574,40.768467134174564]]},"properties":{"OBJECTID":29,"name":"4:30","source":"radial","kind":"avenue","width_ft":40}},{"type":"Feature","id":30,"geometry":{"type":"LineString","coordinates":[[-119.20547849631757,40.769355501942592],[-119.20587841498116,40.769318880698322],[-119.20627888689674,40.769288909080842],[-119.20667980150566,40.769265595364423],[-119.20708104812708,40.769248945985318],[-119.20748251598846,40.76923896553992],[-119.20788409425624,40.769235656783543]]},"properties":{"OBJECTID":30,"name":"H","source":"annular","kind":"annular","width_ft":30}},{"type":"Feature","id":31,"geometry":{"type":"LineString","coordinates":[[-119.20547849631757,40.769355501942592],[-119.205346582842,40.768593551985958]]},"properties":{"OBJECTID":31,"name":"4:15","source":"radial","kind":"path","width_ft":20}},{"type":"Feature","id":32,"geometry":{"type":"LineString","coordinates":[[-119.21028969104495,40.769355503343739],[-119.21042160430144,40.768593554265706]]},"properties":{"OBJECTID":32,"name":"4:45","source":"radial","kind":"path","width_ft":20}},{"type":"Feature","id":33,"geometry":{"type":"LineString","coordinates":[[-119.20788409425624,40.769235656783543],[-119.208285672342,40.769238965786506],[-119.20868714001736,40.76924894647334],[-119.20908838644884,40.769265596088694],[-119.20948930086405,40.769288910036082],[-119.20988977258226,40.769318881879208],[-119.21028969104495,40.769355503343739]]},"properties":{"OBJECTID":33,"name":"H","source":"annular","kind":"annular","width_ft":30}},{"type":"Feature","id":34,"geometry":{"type":"LineString","coordinates":[[-119.21583487910296,40.768653697158491],[-119.21618896043832,40.76876795414379],[-119.2165412290404,40.768887683349611],[-119.21689160034333,40.769012856033662],[-119.21723999023666,40.769143442146877],[-119.21758631508564,40.769279410340658],[-119.21793049175125,40.769420727974357],[-119.21827243761015,40.769567361123144]]},"properties":{"OBJECTID":34,"name":"K","source":"annular","kind":"annular","width_ft":50}},{"type":"Feature","id":35,"geometry":{"type":"LineString","coordinates":[[-119.19749575099716,40.769567362849969],[-119.19783769681536,40.769420729643741],[-119.19818187344133,40.769279411952425],[-119.19852819825175,40.769143443700862],[-119.19887658810759,40.769012857529717],[-119.19922695937409,40.768887684787607],[-119.19957922794079,40.768767955523614],[-119.19993330924183,40.768653698480058]]},"properties":{"OBJECTID":35,"name":"K","source":"annular","kind":"annular","width_ft":50}},{"type":"Feature","id":36,"geometry":{"type":"LineString","coordinates":[[-119.20044437706062,40.769591978592764],[-119.20078424055528,40.769487924576332],[-119.20112561308109,40.769388933506271],[-119.20146841921989,40.769295027252305],[-119.20181258323679,40.769206226560797],[-119.20215802909688,40.769122551050167],[-119.20250468048209,40.769044019206525],[-119.20285246080802,40.768970648379629]]},"properties":{"OBJECTID":36,"name":"I","source":"annular","kind":"annular","width_ft":30}},{"type":"Feature","id":37,"geometry":{"type":"LineString","coordinates":[[-119.20044437706062,40.769591978592764],[-119.2001957511021,40.769135524189039]]},"properties":{"OBJECTID":37,"name":"3:45","source":"radial","kind":"path","width_ft":20}},{"type":"Feature","id":38,"geometry":{"type":"LineString","coordinates":[[-119.21532381036988,40.769591980057655],[-119.21557243738128,40.769135522911064]]},"properties":{"OBJECTID":38,"name":"5:15","source":"radial","kind":"path","width_ft":20}},{"type":"Feature","id":39,"geometry":{"type":"LineString","coordinates":[[-119.21291572525955,40.768970652045851],[-119.21326350576625,40.769044022548833],[-119.21361015733699,40.769122554071593],[-119.21395560338726,40.769206229264448],[-119.21429976759896,40.769295029641341],[-119.21464257393714,40.769388935583933],[-119.21498394666686,40.769487926345924],[-119.21532381036988,40.769591980057655]]},"properties":{"OBJECTID":39,"name":"I","source":"annular","kind":"annular","width_ft":30}},{"type":"Feature","id":40,"geometry":{"type":"LineString","coordinates":[[-119.21265415280924,40.769712995582594],[-119.21291572525955,40.768970652045851]]},"properties":{"OBJECTID":40,"name":"5:00","source":"radial","kind":"avenue","width_ft":40}},{"type":"Feature","id":41,"geometry":{"type":"LineString","coordinates":[[-119.21028969104495,40.769355503343739],[-119.21068609244386,40.769398448710795],[-119.21108171367345,40.769448069435406],[-119.2114764423295,40.769504351419293],[-119.21187016626138,40.76956727867158],[-119.21226277360392,40.769636833313321],[-119.21265415280924,40.769712995582594]]},"properties":{"OBJECTID":41,"name":"H","source":"annular","kind":"annular","width_ft":30}},{"type":"Feature","id":42,"geometry":{"type":"LineString","coordinates":[[-119.20311403465581,40.769712998176452],[-119.20350541381393,40.769636835230571],[-119.20389802112152,40.769567279916245],[-119.20429174503055,40.769504351995614],[-119.20468647367568,40.769448069347831],[-119.20508209490615,40.769398447963994],[-119.20547849631757,40.769355501942592]]},"properties":{"OBJECTID":42,"name":"H","source":"annular","kind":"annular","width_ft":30}},{"type":"Feature","id":43,"geometry":{"type":"LineString","coordinates":[[-119.20311403465581,40.769712998176452],[-119.20285246080802,40.768970648379629]]},"properties":{"OBJECTID":43,"name":"4:00","source":"radial","kind":"avenue","width_ft":40}},{"type":"Feature","id":44,"geometry":{"type":"LineString","coordinates":[[-119.20788409436675,40.770004178389364],[-119.20788409425624,40.769235656783543]]},"properties":{"OBJECTID":44,"name":"4:30","source":"radial","kind":"avenue","width_ft":40}},{"type":"Feature","id":45,"geometry":{"type":"LineString","coordinates":[[-119.21792953456179,40.770019024536531],[-119.21827243761015,40.769567361123144]]},"properties":{"OBJECTID":45,"name":"5:30","source":"radial","kind":"avenue","width_ft":40}},{"type":"Feature","id":46,"geometry":{"type":"LineString","coordinates":[[-119.21557243738128,40.769135522911064],[-119.21591483085012,40.769246007873022],[-119.21625547142376,40.769361784441998],[-119.21659427732715,40.769482824824365],[-119.21693116722567,40.769609099962871],[-119.21726606024467,40.769740579543587],[-119.21759887598891,40.769877232003182],[-119.21792953456179,40.770019024536531]]},"properties":{"OBJECTID":46,"name":"J","source":"annular","kind":"annular","width_ft":30}},{"type":"Feature","id":47,"geometry":{"type":"LineString","coordinates":[[-119.19783865417543,40.770019026206377],[-119.19816931270894,40.769877233617493],[-119.19850212841486,40.769740581102177],[-119.1988370213966,40.769609101465583],[-119.19917391125885,40.769482826271052],[-119.19951271712701,40.769361785832544],[-119.19985335766644,40.769246009207322],[-119.2001957511021,40.769135524189039]]},"properties":{"OBJECTID":47,"name":"J","source":"annular","kind":"annular","width_ft":30}},{"type":"Feature","id":48,"geometry":{"type":"LineString","coordinates":[[-119.19783865417543,40.770019026206377],[-119.19749575099716,40.769567362849969]]},"properties":{"OBJECTID":48,"name":"3:30","source":"radial","kind":"avenue","width_ft":40}},{"type":"Feature","id":49,"geometry":{"type":"LineString","coordinates":[[-119.21015777477535,40.770117453070654],[-119.21028969104495,40.769355503343739]]},"properties":{"OBJECTID":49,"name":"4:45","source":"radial","kind":"path","width_ft":20}},{"type":"Feature","id":50,"geometry":{"type":"LineString","coordinates":[[-119.20788409436675,40.770004178389364],[-119.20826365100461,40.770007305964505],[-119.20864310328621,40.770016739367016],[-119.20902234645581,40.770032475992608],[-119.20940127581549,40.770054511496859],[-119.20977978675394,40.770082839796416],[-119.21015777477535,40.770117453070654]]},"properties":{"OBJECTID":50,"name":"G","source":"annular","kind":"annular","width_ft":30}},{"type":"Feature","id":51,"geometry":{"type":"LineString","coordinates":[[-119.20561041399063,40.770117455249604],[-119.20598840199129,40.770082841609295],[-119.20636691291519,40.770054512944697],[-119.20674584226647,40.770032477076533],[-119.20712508543377,40.770016740088259],[-119.2075045377191,40.770007306324409],[-119.20788409436675,40.770004178389364]]},"properties":{"OBJECTID":51,"name":"G","source":"annular","kind":"annular","width_ft":30}},{"type":"Feature","id":52,"geometry":{"type":"LineString","coordinates":[[-119.20561041399063,40.770117455249604],[-119.20547849631757,40.769355501942592]]},"properties":{"OBJECTID":52,"name":"4:15","source":"radial","kind":"path","width_ft":20}},{"type":"Feature","id":53,"geometry":{"type":"LineString","coordinates":[[-119.21493704824145,40.770302025873384],[-119.21532381036988,40.769591980057655]]},"properties":{"OBJECTID":53,"name":"5:15","source":"radial","kind":"path","width_ft":20}},{"type":"Feature","id":54,"geometry":{"type":"LineString","coordinates":[[-119.21265415280924,40.769712995582594],[-119.21303870118287,40.769794621062118],[-119.21342177633497,40.7698829024215],[-119.21380326307262,40.769977813114046],[-119.21418304668059,40.77007932459955],[-119.21456101295574,40.770187406352932],[-119.21493704824145,40.770302025873384]]},"properties":{"OBJECTID":54,"name":"H","source":"annular","kind":"annular","width_ft":30}},{"type":"Feature","id":55,"geometry":{"type":"LineString","coordinates":[[-119.20083114057744,40.770302027045808],[-119.20120717565203,40.770187407786544],[-119.2015851417099,40.770079326284815],[-119.20196492509467,40.76997781504128],[-119.20234641160351,40.769882904580911],[-119.20272948652143,40.769794623443772],[-119.20311403465581,40.769712998176452]]},"properties":{"OBJECTID":55,"name":"H","source":"annular","kind":"annular","width_ft":30}},{"type":"Feature","id":56,"geometry":{"type":"LineString","coordinates":[[-119.20083114057744,40.770302027045808],[-119.20044437706062,40.769591978592764]]},"properties":{"OBJECTID":56,"name":"3:45","source":"radial","kind":"path","width_ft":20}},{"type":"Feature","id":57,"geometry":{"type":"LineString","coordinates":[[-119.21760467700302,40.770446912185804],[-119.21792953456179,40.770019024536531]]},"properties":{"OBJECTID":57,"name":"5:30","source":"radial","kind":"avenue","width_ft":40}},{"type":"Feature","id":58,"geometry":{"type":"LineString","coordinates":[[-119.21532381036988,40.769591980057655],[-119.21565513058687,40.769698892305065],[-119.21598475458421,40.769810925046691],[-119.2163126032309,40.769928051387431],[-119.21663859782207,40.770050243209411],[-119.21696266009796,40.770177471178691],[-119.21728471226272,40.770309704752357],[-119.21760467700302,40.770446912185804]]},"properties":{"OBJECTID":58,"name":"I","source":"annular","kind":"annular","width_ft":30}},{"type":"Feature","id":59,"geometry":{"type":"LineString","coordinates":[[-119.19816351185733,40.770446913801671],[-119.19848347636865,40.770309705927041],[-119.19880552831276,40.770177471912298],[-119.19912959037629,40.770050243502197],[-119.19945558476333,40.769928051239809],[-119.19978343321402,40.769810924459222],[-119.2001130570235,40.769698891278459],[-119.20044437706062,40.769591978592764]]},"properties":{"OBJECTID":59,"name":"I","source":"annular","kind":"annular","width_ft":30}},{"type":"Feature","id":60,"geometry":{"type":"LineString","coordinates":[[-119.19816351185733,40.770446913801671],[-119.19783865417543,40.770019026206377]]},"properties":{"OBJECTID":60,"name":"3:30","source":"radial","kind":"avenue","width_ft":40}},{"type":"Feature","id":61,"geometry":{"type":"LineString","coordinates":[[-119.20337561314085,40.770455341881849],[-119.20374553013949,40.770383356408175],[-119.20411660792477,40.770317616225825],[-119.20448874106548,40.770258140013013],[-119.20486182383056,40.770204944668208],[-119.20523575021912,40.770158045305365],[-119.20561041399063,40.770117455249604]]},"properties":{"OBJECTID":61,"name":"G","source":"annular","kind":"annular","width_ft":30}},{"type":"Feature","id":62,"geometry":{"type":"LineString","coordinates":[[-119.20337561314085,40.770455341881849],[-119.20311403465581,40.769712998176452]]},"properties":{"OBJECTID":62,"name":"4:00","source":"radial","kind":"avenue","width_ft":40}},{"type":"Feature","id":63,"geometry":{"type":"LineString","coordinates":[[-119.21239257335361,40.770455344734486],[-119.21265415280924,40.769712995582594]]},"properties":{"OBJECTID":63,"name":"5:00","source":"radial","kind":"avenue","width_ft":40}},{"type":"Feature","id":64,"geometry":{"type":"LineString","coordinates":[[-119.21015777477535,40.770117453070654],[-119.2105324382041,40.770158043978149],[-119.2109063642355,40.770204944187796],[-119.21127944662902,40.770258140374224],[-119.2116515793839,40.770317617423252],[-119.21202265676914,40.770383358436156],[-119.21239257335361,40.770455344734486]]},"properties":{"OBJECTID":64,"name":"G","source":"annular","kind":"annular","width_ft":30}},{"type":"Feature","id":65,"geometry":{"type":"LineString","coordinates":[[-119.21827243761015,40.769567361123144],[-119.21860310750986,40.769715376801052],[-119.21893131432411,40.769868776639946],[-119.21925697039188,40.770027519668155],[-119.2195799887335,40.77019156348689],[-119.21990028307377,40.770360864281571],[-119.22021776786504,40.770535376833543],[-119.22053235831009,40.770715054532118]]},"properties":{"OBJECTID":65,"name":"K","source":"annular","kind":"annular","width_ft":50}},{"type":"Feature","id":66,"geometry":{"type":"LineString","coordinates":[[-119.19523583181152,40.770715056634828],[-119.19555042203891,40.77053537889531],[-119.19586790661282,40.770360866298148],[-119.19618820073612,40.77019156545402],[-119.19651121886125,40.770027521581582],[-119.19683687471309,40.769868778495422],[-119.19716508131204,40.769715378594327],[-119.19749575099716,40.769567362849969]]},"properties":{"OBJECTID":66,"name":"K","source":"annular","kind":"annular","width_ft":50}},{"type":"Feature","id":67,"geometry":{"type":"LineString","coordinates":[[-119.20788409447725,40.770772701693467],[-119.20788409436675,40.770004178389364]]},"properties":{"OBJECTID":67,"name":"4:30","source":"radial","kind":"avenue","width_ft":40}},{"type":"Feature","id":68,"geometry":{"type":"LineString","coordinates":[[-119.21002585549235,40.770879400744896],[-119.21015777477535,40.770117453070654]]},"properties":{"OBJECTID":68,"name":"4:45","source":"radial","kind":"path","width_ft":20}},{"type":"Feature","id":69,"geometry":{"type":"LineString","coordinates":[[-119.20788409447725,40.770772701693467],[-119.20824162913917,40.770775647239994],[-119.20859906550901,40.770784532747406],[-119.20895630490904,40.770799355762662],[-119.20931324871596,40.770820112193569],[-119.20966979838802,40.770846796309883],[-119.21002585549235,40.770879400744896]]},"properties":{"OBJECTID":69,"name":"F","source":"annular","kind":"annular","width_ft":30}},{"type":"Feature","id":70,"geometry":{"type":"LineString","coordinates":[[-119.20574233349281,40.770879401100942],[-119.20609839058953,40.77084679660652],[-119.20645494025501,40.770820112430805],[-119.20681188405632,40.770799355940518],[-119.20716912345175,40.770784532865918],[-119.20752655981796,40.770775647299217],[-119.20788409447725,40.770772701693467]]},"properties":{"OBJECTID":70,"name":"F","source":"annular","kind":"annular","width_ft":30}},{"type":"Feature","id":71,"geometry":{"type":"LineString","coordinates":[[-119.20574233349281,40.770879401100942],[-119.20561041399063,40.770117455249604]]},"properties":{"OBJECTID":71,"name":"4:15","source":"radial","kind":"path","width_ft":20}},{"type":"Feature","id":72,"geometry":{"type":"LineString","coordinates":[[-119.21455027787984,40.771012069405451],[-119.21493704824145,40.770302025873384]]},"properties":{"OBJECTID":72,"name":"5:15","source":"radial","kind":"path","width_ft":20}},{"type":"Feature","id":73,"geometry":{"type":"LineString","coordinates":[[-119.21239257335361,40.770455344734486],[-119.21275603359281,40.77053249328123],[-119.21311810140877,40.770615932722677],[-119.2134786679251,40.770705637967993],[-119.21383762471689,40.770801582042168],[-119.21419486384325,40.770903736094141],[-119.21455027787984,40.771012069405451]]},"properties":{"OBJECTID":73,"name":"G","source":"annular","kind":"annular","width_ft":30}},{"type":"Feature","id":74,"geometry":{"type":"LineString","coordinates":[[-119.20121791232758,40.77101207231469],[-119.20157332570199,40.770903738063232],[-119.2019305641834,40.770801583062628],[-119.20228952034755,40.770705638031643],[-119.20265008625364,40.770615931821666],[-119.20301215347685,40.770532491408019],[-119.20337561314085,40.770455341881849]]},"properties":{"OBJECTID":74,"name":"G","source":"annular","kind":"annular","width_ft":30}},{"type":"Feature","id":75,"geometry":{"type":"LineString","coordinates":[[-119.20121791232758,40.77101207231469],[-119.20083114057744,40.770302027045808]]},"properties":{"OBJECTID":75,"name":"3:45","source":"radial","kind":"path","width_ft":20}},{"type":"Feature","id":76,"geometry":{"type":"LineString","coordinates":[[-119.19866885194392,40.771112512646326],[-119.1990229317047,40.770961216862631],[-119.19937968838795,40.770816346023175],[-119.19973900542119,40.770677947465401],[-119.20010076539533,40.770546066411896],[-119.20046485010306,40.770420745955619],[-119.20083114057744,40.770302027045808]]},"properties":{"OBJECTID":76,"name":"H","source":"annular","kind":"annular","width_ft":30}},{"type":"Feature","id":77,"geometry":{"type":"LineString","coordinates":[[-119.19866885194392,40.771112512646326],[-119.19816351185733,40.770446913801671]]},"properties":{"OBJECTID":77,"name":"3:30","source":"radial","kind":"avenue","width_ft":40}},{"type":"Feature","id":78,"geometry":{"type":"LineString","coordinates":[[-119.21709933592354,40.77111251201498],[-119.21760467700302,40.770446912185804]]},"properties":{"OBJECTID":78,"name":"5:30","source":"radial","kind":"avenue","width_ft":40}},{"type":"Feature","id":79,"geometry":{"type":"LineString","coordinates":[[-119.21493704824145,40.770302025873384],[-119.21530333856141,40.770420744880504],[-119.215667423113,40.770546065431276],[-119.21602918292932,40.770677946576427],[-119.21638849980309,40.77081634522299],[-119.21674525632531,40.770961216148329],[-119.21709933592354,40.77111251201498]]},"properties":{"OBJECTID":79,"name":"H","source":"annular","kind":"annular","width_ft":30}},{"type":"Feature","id":80,"geometry":{"type":"LineString","coordinates":[[-119.2201148487313,40.771128836786332],[-119.22053235831009,40.770715054532118]]},"properties":{"OBJECTID":80,"name":"5:45","source":"radial","kind":"avenue","width_ft":40}},{"type":"Feature","id":81,"geometry":{"type":"LineString","coordinates":[[-119.21792953456179,40.770019024536531],[-119.21824928819667,40.770162154748583],[-119.2185666600262,40.77031049141452],[-119.21888156528203,40.770463994914401],[-119.21919391985469,40.770622624248283],[-119.21950364031595,40.770786337047113],[-119.21981064394116,40.770955089584092],[-119.2201148487313,40.771128836786332]]},"properties":{"OBJECTID":81,"name":"J","source":"annular","kind":"annular","width_ft":30}},{"type":"Feature","id":82,"geometry":{"type":"LineString","coordinates":[[-119.19565334150936,40.771128838819664],[-119.19595754608349,40.77095509157823],[-119.19626454949297,40.770786338997816],[-119.19657426973886,40.770622626151301],[-119.19688662409658,40.7704639967655],[-119.197201529138,40.770310493209443],[-119.19751890075368,40.770162156483089],[-119.19783865417543,40.770019026206377]]},"properties":{"OBJECTID":82,"name":"J","source":"annular","kind":"annular","width_ft":30}},{"type":"Feature","id":83,"geometry":{"type":"LineString","coordinates":[[-119.19565334150936,40.771128838819664],[-119.19523583181152,40.770715056634828]]},"properties":{"OBJECTID":83,"name":"3:15","source":"radial","kind":"path","width_ft":40}},{"type":"Feature","id":84,"geometry":{"type":"LineString","coordinates":[[-119.21213098926066,40.771197689595951],[-119.21239257335361,40.770455344734486]]},"properties":{"OBJECTID":84,"name":"5:00","source":"radial","kind":"avenue","width_ft":40}},{"type":"Feature","id":85,"geometry":{"type":"LineString","coordinates":[[-119.21002585549235,40.770879400744896],[-119.21037878066436,40.770917636834085],[-119.21073101121718,40.770961816164188],[-119.21108244707418,40.771011926182858],[-119.21143298838447,40.771067952652714],[-119.21178253555138,40.771129879655362],[-119.21213098926066,40.771197689595951]]},"properties":{"OBJECTID":85,"name":"F","source":"annular","kind":"annular","width_ft":30}},{"type":"Feature","id":86,"geometry":{"type":"LineString","coordinates":[[-119.20363719981594,40.77119769120246],[-119.20398565350045,40.771129881049895],[-119.20433520064648,40.771067953836607],[-119.20468574193971,40.771011927157517],[-119.20503717778342,40.770961816931077],[-119.2053894083267,40.770917637394753],[-119.20574233349281,40.770879401100942]]},"properties":{"OBJECTID":86,"name":"F","source":"annular","kind":"annular","width_ft":30}},{"type":"Feature","id":87,"geometry":{"type":"LineString","coordinates":[[-119.20363719981594,40.77119769120246],[-119.20337561314085,40.770455341881849]]},"properties":{"OBJECTID":87,"name":"4:00","source":"radial","kind":"avenue","width_ft":40}},{"type":"Feature","id":88,"geometry":{"type":"LineString","coordinates":[[-119.2197193188475,40.771520830364032],[-119.2201148487313,40.771128836786332]]},"properties":{"OBJECTID":88,"name":"5:45","source":"radial","kind":"avenue","width_ft":40}},{"type":"Feature","id":89,"geometry":{"type":"LineString","coordinates":[[-119.21760467700302,40.770446912185804],[-119.21791408992901,40.770585413090025],[-119.2182211980725,40.770728952100207],[-119.21852591940568,40.770877490877446],[-119.21882817253827,40.771030989747416],[-119.21912787673921,40.771189407710956],[-119.2194249519583,40.771352702455033],[-119.2197193188475,40.771520830364032]]},"properties":{"OBJECTID":89,"name":"I","source":"annular","kind":"annular","width_ft":30}},{"type":"Feature","id":90,"geometry":{"type":"LineString","coordinates":[[-119.19604887387476,40.771520833232387],[-119.19634324020541,40.771352705174507],[-119.19664031486793,40.771189410271496],[-119.19694001851448,40.771030992138975],[-119.19724227109502,40.770877493090019],[-119.19754699187865,40.770728954123811],[-119.19785409947531,40.77058541491472],[-119.19816351185733,40.770446913801671]]},"properties":{"OBJECTID":90,"name":"I","source":"annular","kind":"annular","width_ft":30}},{"type":"Feature","id":91,"geometry":{"type":"LineString","coordinates":[[-119.19604887387476,40.771520833232387],[-119.19565334150936,40.771128838819664]]},"properties":{"OBJECTID":91,"name":"3:15","source":"radial","kind":"path","width_ft":40}},{"type":"Feature","id":92,"geometry":{"type":"LineString","coordinates":[[-119.21416350046911,40.771722110653705],[-119.21455027787984,40.771012069405451]]},"properties":{"OBJECTID":92,"name":"5:15","source":"radial","kind":"path","width_ft":20}},{"type":"Feature","id":93,"geometry":{"type":"LineString","coordinates":[[-119.21213098926066,40.771197689595951],[-119.21247336097954,40.771270361555679],[-119.21281442106699,40.771348959420585],[-119.2131540669632,40.771433459555581],[-119.21349219653359,40.77152383655072],[-119.21382870809957,40.771620063228838],[-119.21416350046911,40.771722110653705]]},"properties":{"OBJECTID":93,"name":"F","source":"annular","kind":"annular","width_ft":30}},{"type":"Feature","id":94,"geometry":{"type":"LineString","coordinates":[[-119.20160468875825,40.771722111697613],[-119.2019394811075,40.771620064370261],[-119.20227599265121,40.771523837788209],[-119.20261412219736,40.771433460887643],[-119.20295376806743,40.7713489608457],[-119.20329482812687,40.77127036307229],[-119.20363719981594,40.77119769120246]]},"properties":{"OBJECTID":94,"name":"F","source":"annular","kind":"annular","width_ft":30}},{"type":"Feature","id":95,"geometry":{"type":"LineString","coordinates":[[-119.20160468875825,40.771722111697613],[-119.20121791232758,40.77101207231469]]},"properties":{"OBJECTID":95,"name":"3:45","source":"radial","kind":"path","width_ft":20}},{"type":"Feature","id":96,"geometry":{"type":"LineString","coordinates":[[-119.19917420685236,40.771778113705061],[-119.19950886827519,40.771635114434197],[-119.1998460598447,40.771498187793803],[-119.20018567137996,40.771367378526108],[-119.20052759190929,40.771242729374435],[-119.20087170970655,40.771124281069213],[-119.20121791232758,40.77101207231469]]},"properties":{"OBJECTID":96,"name":"G","source":"annular","kind":"annular","width_ft":30}},{"type":"Feature","id":97,"geometry":{"type":"LineString","coordinates":[[-119.19917420685236,40.771778113705061],[-119.19866885194392,40.771112512646326]]},"properties":{"OBJECTID":97,"name":"3:30","source":"radial","kind":"avenue","width_ft":40}},{"type":"Feature","id":98,"geometry":{"type":"LineString","coordinates":[[-119.21659398239107,40.771778113157609],[-119.21709933592354,40.77111251201498]]},"properties":{"OBJECTID":98,"name":"5:30","source":"radial","kind":"avenue","width_ft":40}},{"type":"Feature","id":99,"geometry":{"type":"LineString","coordinates":[[-119.21455027787984,40.771012069405451],[-119.21489648036165,40.77112427855041],[-119.21524059801122,40.771242727247582],[-119.21558251838435,40.771367376792547],[-119.21592212975476,40.7714981864547],[-119.21625932115067,40.771635113490525],[-119.21659398239107,40.771778113157609]]},"properties":{"OBJECTID":99,"name":"G","source":"annular","kind":"annular","width_ft":30}},{"type":"Feature","id":100,"geometry":{"type":"LineString","coordinates":[[-119.22053235831009,40.770715054532118],[-119.22083424665058,40.770894244202943],[-119.22113297022592,40.771078661484644],[-119.22142843852224,40.77126825049838],[-119.22172056201198,40.771462953798277],[-119.22200925218112,40.77166271238881],[-119.22229442155593,40.771867465742709],[-119.22257598372944,40.772077151819254]]},"properties":{"OBJECTID":100,"name":"K","source":"annular","kind":"annular","width_ft":50}},{"type":"Feature","id":101,"geometry":{"type":"LineString","coordinates":[[-119.19319220559919,40.772077154261702],[-119.19347376788004,40.771867468126032],[-119.19375893736429,40.771662714716456],[-119.19404762764493,40.771462956073734],[-119.19433975124815,40.7712682527252],[-119.19463521965979,40.77107866366643],[-119.19493394335224,40.770894246343339],[-119.19523583181152,40.770715056634828]]},"properties":{"OBJECTID":101,"name":"K","source":"annular","kind":"annular","width_ft":50}},{"type":"Feature","id":102,"geometry":{"type":"LineString","coordinates":[[-119.2078840946687,40.772103889340997],[-119.20788409447725,40.770772701693467]]},"properties":{"OBJECTID":102,"name":"4:30","source":"radial","kind":"avenue","width_ft":40}},{"type":"Feature","id":103,"geometry":{"type":"LineString","coordinates":[[-119.21910403300379,40.772130602009661],[-119.2197193188475,40.771520830364032]]},"properties":{"OBJECTID":103,"name":"5:45","source":"radial","kind":"avenue","width_ft":40}},{"type":"Feature","id":104,"geometry":{"type":"LineString","coordinates":[[-119.21709933592354,40.77111251201498],[-119.21744133927251,40.771266161620545],[-119.21778035093573,40.771426304007818],[-119.2181162476642,40.771592880956419],[-119.21844890734137,40.771765831906656],[-119.21877820902753,40.771945093981543],[-119.21910403300379,40.772130602009661]]},"properties":{"OBJECTID":104,"name":"H","source":"annular","kind":"annular","width_ft":30}},{"type":"Feature","id":105,"geometry":{"type":"LineString","coordinates":[[-119.19666415870964,40.772130603875155],[-119.19698998203835,40.771945095677317],[-119.19731928307915,40.771765833418286],[-119.19765194211348,40.771592882269502],[-119.19798783820195,40.77142630510798],[-119.19832684922832,40.771266162493447],[-119.19866885194392,40.771112512646326]]},"properties":{"OBJECTID":105,"name":"H","source":"annular","kind":"annular","width_ft":30}},{"type":"Feature","id":106,"geometry":{"type":"LineString","coordinates":[[-119.19666415870964,40.772130603875155],[-119.19604887387476,40.771520833232387]]},"properties":{"OBJECTID":106,"name":"3:15","source":"radial","kind":"path","width_ft":40}},{"type":"Feature","id":107,"geometry":{"type":"LineString","coordinates":[[-119.21608862232648,40.772443707508494],[-119.21659398239107,40.771778113157609]]},"properties":{"OBJECTID":107,"name":"5:30","source":"radial","kind":"avenue","width_ft":40}},{"type":"Feature","id":108,"geometry":{"type":"LineString","coordinates":[[-119.21416350046911,40.771722110653705],[-119.21448961515543,40.771827809208986],[-119.21481376596259,40.771939385315008],[-119.21513584696937,40.772056802512573],[-119.21545575293091,40.772180022433837],[-119.21577337931303,40.772309004814794],[-119.21608862232648,40.772443707508494]]},"properties":{"OBJECTID":108,"name":"F","source":"annular","kind":"annular","width_ft":30}},{"type":"Feature","id":109,"geometry":{"type":"LineString","coordinates":[[-119.19967957066147,40.772443711574219],[-119.19999481302379,40.772309008400647],[-119.20031243876434,40.772180025530055],[-119.200632344094,40.772056805109592],[-119.20095442447877,40.771939387403442],[-119.20127857467388,40.771827810779655],[-119.20160468875825,40.771722111697613]]},"properties":{"OBJECTID":109,"name":"F","source":"annular","kind":"annular","width_ft":30}},{"type":"Feature","id":110,"geometry":{"type":"LineString","coordinates":[[-119.19967957066147,40.772443711574219],[-119.19917420685236,40.771778113705061]]},"properties":{"OBJECTID":110,"name":"3:30","source":"radial","kind":"avenue","width_ft":40}},{"type":"Feature","id":111,"geometry":{"type":"LineString","coordinates":[[-119.22257598372944,40.772077151819254],[-119.22209100434533,40.772445973361876]]},"properties":{"OBJECTID":111,"name":"6:00","source":"radial","kind":"avenue","width_ft":40}},{"type":"Feature","id":112,"geometry":{"type":"LineString","coordinates":[[-119.2201148487313,40.771128836786332],[-119.22040677045329,40.771302111639358],[-119.22069563184587,40.771480441564904],[-119.22098134538174,40.77166377252761],[-119.22126382448745,40.771852048976754],[-119.22154298356962,40.77204521386308],[-119.22181873804084,40.772243208656114],[-119.22209100434533,40.772445973361876]]},"properties":{"OBJECTID":112,"name":"J","source":"annular","kind":"annular","width_ft":30}},{"type":"Feature","id":113,"geometry":{"type":"LineString","coordinates":[[-119.19367718390494,40.772445975723599],[-119.19394945048612,40.772243210949071],[-119.19422520523685,40.772045216094433],[-119.1945043646012,40.771852051153736],[-119.19478684399159,40.771663774657547],[-119.19507255781447,40.771480443655165],[-119.19536141949621,40.771302113697395],[-119.19565334150936,40.771128838819664]]},"properties":{"OBJECTID":113,"name":"J","source":"annular","kind":"annular","width_ft":30}},{"type":"Feature","id":114,"geometry":{"type":"LineString","coordinates":[[-119.19367718390494,40.772445975723599],[-119.19319220559919,40.772077154261702]]},"properties":{"OBJECTID":114,"name":"3:00","source":"radial","kind":"avenue","width_ft":40}},{"type":"Feature","id":115,"geometry":{"type":"LineString","coordinates":[[-119.21167787340885,40.772483535718258],[-119.21213098926066,40.771197689595951]]},"properties":{"OBJECTID":115,"name":"5:00","source":"radial","kind":"avenue","width_ft":40}},{"type":"Feature","id":116,"geometry":{"type":"LineString","coordinates":[[-119.2078840946687,40.772103889340997],[-119.20823127025143,40.772106866753823],[-119.20857833384771,40.772116173223161],[-119.2089251700876,40.772131805655391],[-119.20927166367673,40.772153758854017],[-119.20961769943463,40.772182025521417],[-119.20996316233305,40.772216596261266],[-119.21030793753414,40.772257459581645],[-119.21065191042865,40.772304601898888],[-119.21099496667405,40.77235800754206],[-119.21133699223252,40.772417658758215],[-119.21167787340885,40.772483535718258]]},"properties":{"OBJECTID":116,"name":"E","source":"annular","kind":"annular","width_ft":40}},{"type":"Feature","id":117,"geometry":{"type":"LineString","coordinates":[[-119.20409031603759,40.772483537249478],[-119.2044311971907,40.772417660147404],[-119.20477322272869,40.772358008789624],[-119.20511627895633,40.772304603005281],[-119.20546025183576,40.772257460547408],[-119.20580502702443,40.77221659708696],[-119.20615048991306,40.772182026207659],[-119.20649652566379,40.772153759401476],[-119.20684301924834,40.772131806064792],[-119.20718985548619,40.772116173495263],[-119.20753691908297,40.772106866889438],[-119.2078840946687,40.772103889340997]]},"properties":{"OBJECTID":117,"name":"E","source":"annular","kind":"annular","width_ft":40}},{"type":"Feature","id":118,"geometry":{"type":"LineString","coordinates":[[-119.20409031603759,40.772483537249478],[-119.20363719981594,40.77119769120246]]},"properties":{"OBJECTID":118,"name":"4:00","source":"radial","kind":"avenue","width_ft":40}},{"type":"Feature","id":119,"geometry":{"type":"LineString","coordinates":[[-119.19727945360955,40.772740370273659],[-119.19758740829963,40.772565035655589],[-119.19789865000719,40.772395604492864],[-119.19821306557718,40.772232138383899],[-119.19853054070063,40.772074696758459],[-119.19885095995625,40.771923336856041],[-119.19917420685236,40.771778113705061]]},"properties":{"OBJECTID":119,"name":"G","source":"annular","kind":"annular","width_ft":30}},{"type":"Feature","id":120,"geometry":{"type":"LineString","coordinates":[[-119.19727945360955,40.772740370273659],[-119.19666415870964,40.772130603875155]]},"properties":{"OBJECTID":120,"name":"3:15","source":"radial","kind":"path","width_ft":40}},{"type":"Feature","id":121,"geometry":{"type":"LineString","coordinates":[[-119.21848873472641,40.772740372112757],[-119.21910403300379,40.772130602009661]]},"properties":{"OBJECTID":121,"name":"5:45","source":"radial","kind":"avenue","width_ft":40}},{"type":"Feature","id":122,"geometry":{"type":"LineString","coordinates":[[-119.21659398239107,40.771778113157609],[-119.21691722916347,40.771923336695544],[-119.21723764828464,40.772074696989606],[-119.2175551232627,40.772232139011109],[-119.21786953867615,40.772395605520273],[-119.21818078021582,40.772565037087062],[-119.21848873472641,40.772740372112757]]},"properties":{"OBJECTID":122,"name":"G","source":"annular","kind":"annular","width_ft":30}},{"type":"Feature","id":123,"geometry":{"type":"LineString","coordinates":[[-119.22209100434533,40.772445973361876],[-119.22163156182496,40.772795368734357]]},"properties":{"OBJECTID":123,"name":"6:00","source":"radial","kind":"avenue","width_ft":40}},{"type":"Feature","id":124,"geometry":{"type":"LineString","coordinates":[[-119.2197193188475,40.771520830364032],[-119.22000179933399,40.771688501145327],[-119.22028131844695,40.771861063544591],[-119.22055779148867,40.772038465273305],[-119.22083113468445,40.772220652576578],[-119.22110126520793,40.772407570249442],[-119.22136810120629,40.772599161653545],[-119.22163156182496,40.772795368734357]]},"properties":{"OBJECTID":124,"name":"I","source":"annular","kind":"annular","width_ft":30}},{"type":"Feature","id":125,"geometry":{"type":"LineString","coordinates":[[-119.19413663126316,40.772795374622305],[-119.19440009178906,40.772599167087783],[-119.19466692770861,40.772407575236848],[-119.19493705816699,40.772220657124386],[-119.19521040131106,40.772038469389074],[-119.19548687431421,40.77186106723623],[-119.19576639340146,40.771688504421057],[-119.19604887387476,40.771520833232387]]},"properties":{"OBJECTID":125,"name":"I","source":"annular","kind":"annular","width_ft":30}},{"type":"Feature","id":126,"geometry":{"type":"LineString","coordinates":[[-119.19413663126316,40.772795374622305],[-119.19367718390494,40.772445975723599]]},"properties":{"OBJECTID":126,"name":"3:00","source":"radial","kind":"avenue","width_ft":40}},{"type":"Feature","id":127,"geometry":{"type":"LineString","coordinates":[[-119.20788409478121,40.772886135072483],[-119.2078840946687,40.772103889340997]]},"properties":{"OBJECTID":127,"name":"4:30","source":"radial","kind":"avenue","width_ft":40}},{"type":"Feature","id":128,"geometry":{"type":"LineString","coordinates":[[-119.20435658845558,40.77323913567691],[-119.20470530019142,40.773172075087047],[-119.20505528666313,40.773112021219113],[-119.2054064070981,40.773058998228144],[-119.20575852026765,40.773013027441209],[-119.20611148454381,40.77297412734881],[-119.20646515795623,40.772942313597454],[-119.20681939824935,40.772917598983355],[-119.20717406293963,40.772899993447311],[-119.20752900937278,40.772889504070669],[-119.20788409478121,40.772886135072483]]},"properties":{"OBJECTID":128,"name":"D","source":"annular","kind":"annular","width_ft":30}},{"type":"Feature","id":129,"geometry":{"type":"LineString","coordinates":[[-119.20435658845558,40.77323913567691],[-119.20409031603759,40.772483537249478]]},"properties":{"OBJECTID":129,"name":"4:00","source":"radial","kind":"avenue","width_ft":40}},{"type":"Feature","id":130,"geometry":{"type":"LineString","coordinates":[[-119.21141160120837,40.773239135990956],[-119.21167787340885,40.772483535718258]]},"properties":{"OBJECTID":130,"name":"5:00","source":"radial","kind":"avenue","width_ft":40}},{"type":"Feature","id":131,"geometry":{"type":"LineString","coordinates":[[-119.20788409478121,40.772886135072483],[-119.20823918020275,40.772889504097805],[-119.20859412664845,40.77289999350257],[-119.20894879135066,40.772917599067711],[-119.20930303165511,40.772942313711859],[-119.20965670507816,40.772974127494223],[-119.21000966936425,40.773013027618553],[-119.210361782543,40.773058998438337],[-119.2107129029864,40.773112021463049],[-119.21106288946574,40.773172075365608],[-119.21141160120837,40.773239135990956]]},"properties":{"OBJECTID":131,"name":"D","source":"annular","kind":"annular","width_ft":30}},{"type":"Feature","id":132,"geometry":{"type":"LineString","coordinates":[[-119.22163156182496,40.772795368734357],[-119.2209168463903,40.773338882280129]]},"properties":{"OBJECTID":132,"name":"6:00","source":"radial","kind":"avenue","width_ft":40}},{"type":"Feature","id":133,"geometry":{"type":"LineString","coordinates":[[-119.21910403300379,40.772130602009661],[-119.21937182576659,40.772289556216329],[-119.21963681106648,40.77245314776399],[-119.21989890860739,40.772621327080998],[-119.22015803896832,40.772794043205522],[-119.22041412362738,40.772971243800967],[-119.22066708498555,40.773152875171867],[-119.2209168463903,40.773338882280129]]},"properties":{"OBJECTID":133,"name":"H","source":"annular","kind":"annular","width_ft":30}},{"type":"Feature","id":134,"geometry":{"type":"LineString","coordinates":[[-119.19485134211696,40.773338884446737],[-119.19510110397044,40.77315287726212],[-119.19535406578086,40.772971245825829],[-119.19561015089542,40.772794045176049],[-119.19586928171488,40.772621329008338],[-119.19613137971709,40.772453149659377],[-119.19639636548078,40.772289558091074],[-119.19666415870964,40.772130603875155]]},"properties":{"OBJECTID":134,"name":"H","source":"annular","kind":"annular","width_ft":30}},{"type":"Feature","id":135,"geometry":{"type":"LineString","coordinates":[[-119.19485134211696,40.773338884446737],[-119.19413663126316,40.772795374622305]]},"properties":{"OBJECTID":135,"name":"3:00","source":"radial","kind":"avenue","width_ft":40}},{"type":"Feature","id":136,"geometry":{"type":"LineString","coordinates":[[-119.19789475975925,40.77335013332835],[-119.19818484542847,40.773184972348908],[-119.19847802741637,40.77302537232827],[-119.19877419913175,40.772871391291687],[-119.19907325289643,40.772723085221521],[-119.19937507998443,40.772580508036931],[-119.19967957066147,40.772443711574219]]},"properties":{"OBJECTID":136,"name":"F","source":"annular","kind":"annular","width_ft":30}},{"type":"Feature","id":137,"geometry":{"type":"LineString","coordinates":[[-119.19789475975925,40.77335013332835],[-119.19727945360955,40.772740370273659]]},"properties":{"OBJECTID":137,"name":"3:15","source":"radial","kind":"path","width_ft":40}},{"type":"Feature","id":138,"geometry":{"type":"LineString","coordinates":[[-119.21787343112075,40.773350132567984],[-119.21848873472641,40.772740372112757]]},"properties":{"OBJECTID":138,"name":"5:45","source":"radial","kind":"avenue","width_ft":40}},{"type":"Feature","id":139,"geometry":{"type":"LineString","coordinates":[[-119.21608862232648,40.772443707508494],[-119.21639311268676,40.772580504521549],[-119.21669493944434,40.772723082257144],[-119.21699399286483,40.772871388878642],[-119.21729016422209,40.773025370466563],[-119.21758334583784,40.773184971038205],[-119.21787343112075,40.773350132567984]]},"properties":{"OBJECTID":139,"name":"F","source":"annular","kind":"annular","width_ft":30}},{"type":"Feature","id":140,"geometry":{"type":"LineString","coordinates":[[-119.20055495241833,40.77359661202447],[-119.20086568675573,40.77346469274417],[-119.20117890824532,40.773338792690893],[-119.20149450030152,40.77321895872646],[-119.20181234545635,40.773105235454828],[-119.20213232540323,40.772997665205438],[-119.20245432104096,40.772896288017506],[-119.20277821251811,40.772801141625102],[-119.20310387927755,40.772712261443083],[-119.20343120010138,40.772629680553962],[-119.20376005315602,40.772553429695535],[-119.20409031603759,40.772483537249478]]},"properties":{"OBJECTID":140,"name":"E","source":"annular","kind":"annular","width_ft":40}},{"type":"Feature","id":141,"geometry":{"type":"LineString","coordinates":[[-119.20055495241833,40.77359661202447],[-119.19967957066147,40.772443711574219]]},"properties":{"OBJECTID":141,"name":"3:30","source":"radial","kind":"avenue","width_ft":40}},{"type":"Feature","id":142,"geometry":{"type":"LineString","coordinates":[[-119.21521323616383,40.773596612607022],[-119.21608862232648,40.772443707508494]]},"properties":{"OBJECTID":142,"name":"5:30","source":"radial","kind":"avenue","width_ft":40}},{"type":"Feature","id":143,"geometry":{"type":"LineString","coordinates":[[-119.21167787340885,40.772483535718258],[-119.21200813623366,40.772553428351408],[-119.21233698922738,40.772629679398236],[-119.21266430998607,40.772712260476972],[-119.21298997667606,40.772801140849715],[-119.21331386807938,40.772896287433866],[-119.21363586363886,40.772997664814461],[-119.21395584350299,40.773105235257333],[-119.2142736885705,40.77321895872317],[-119.21458928053475,40.773338792882413],[-119.21490250192775,40.773464693131011],[-119.21521323616383,40.773596612607022]]},"properties":{"OBJECTID":143,"name":"E","source":"annular","kind":"annular","width_ft":40}},{"type":"Feature","id":144,"geometry":{"type":"LineString","coordinates":[[-119.22257598372944,40.772077151819254],[-119.22284424039903,40.772284504840393],[-119.22310858019311,40.772496828624796],[-119.22336891101703,40.772714049199955],[-119.22362514217288,40.772936090887328],[-119.22387718439101,40.773162876328719],[-119.22412494986123,40.773394326513255],[-119.22436835226331,40.773630360804873]]},"properties":{"OBJECTID":144,"name":"K","source":"annular","kind":"annular","width_ft":50}},{"type":"Feature","id":145,"geometry":{"type":"LineString","coordinates":[[-119.1913998375118,40.773630363545486],[-119.19164323984616,40.773394329213154],[-119.19189100524999,40.773162878987222],[-119.19214304740304,40.77293609350378],[-119.1923992784951,40.772714051773747],[-119.19265960925655,40.772496831155344],[-119.19292394898946,40.77228450732715],[-119.19319220559919,40.772077154261702]]},"properties":{"OBJECTID":145,"name":"K","source":"annular","kind":"annular","width_ft":50}},{"type":"Feature","id":146,"geometry":{"type":"LineString","coordinates":[[-119.20788409489174,40.773654659792555],[-119.20788409478121,40.772886135072483]]},"properties":{"OBJECTID":146,"name":"4:30","source":"radial","kind":"avenue","width_ft":40}},{"type":"Feature","id":147,"geometry":{"type":"LineString","coordinates":[[-119.2209168463903,40.773338882280129],[-119.22020212759774,40.773882385045525]]},"properties":{"OBJECTID":147,"name":"6:00","source":"radial","kind":"avenue","width_ft":40}},{"type":"Feature","id":148,"geometry":{"type":"LineString","coordinates":[[-119.21848873472641,40.772740372112757],[-119.2187837694007,40.772916075189549],[-119.2190751750846,40.773097733543693],[-119.21936283158776,40.77328527225017],[-119.21964662026619,40.773478613958609],[-119.21992642407123,40.773677678925182],[-119.22020212759774,40.773882385045525]]},"properties":{"OBJECTID":148,"name":"G","source":"annular","kind":"annular","width_ft":30}},{"type":"Feature","id":149,"geometry":{"type":"LineString","coordinates":[[-119.19556606580355,40.773882389795375],[-119.19584176839929,40.7736776825761],[-119.19612157130867,40.773478616509628],[-119.1964053591262,40.773285273701291],[-119.19669301480285,40.773097733895874],[-119.1969844196942,40.772916074444687],[-119.19727945360955,40.772740370273659]]},"properties":{"OBJECTID":149,"name":"G","source":"annular","kind":"annular","width_ft":30}},{"type":"Feature","id":150,"geometry":{"type":"LineString","coordinates":[[-119.19556606580355,40.773882389795375],[-119.19485134211696,40.773338884446737]]},"properties":{"OBJECTID":150,"name":"3:00","source":"radial","kind":"avenue","width_ft":40}},{"type":"Feature","id":151,"geometry":{"type":"LineString","coordinates":[[-119.22382419686818,40.773947909149413],[-119.22436835226331,40.773630360804873]]},"properties":{"OBJECTID":151,"name":"6:15","source":"radial","kind":"avenue","width_ft":40}},{"type":"Feature","id":152,"geometry":{"type":"LineString","coordinates":[[-119.22209100434533,40.772445973361876],[-119.22235040454876,40.772646481342342],[-119.22260601714008,40.772851796025044],[-119.22285775306335,40.773061845877962],[-119.22310552461329,40.773276557719306],[-119.22334924546581,40.773495856743061],[-119.2235888307081,40.77371966654502],[-119.22382419686818,40.773947909149413]]},"properties":{"OBJECTID":152,"name":"J","source":"annular","kind":"annular","width_ft":30}},{"type":"Feature","id":153,"geometry":{"type":"LineString","coordinates":[[-119.19194399299839,40.773947911799588],[-119.19217935892556,40.773719669167058],[-119.19241894393546,40.773495859332584],[-119.19266266455622,40.773276560271952],[-119.19291043587511,40.773061848389368],[-119.19316217156809,40.772851798490883],[-119.19341778392999,40.77264648375828],[-119.19367718390494,40.772445975723599]]},"properties":{"OBJECTID":153,"name":"J","source":"annular","kind":"annular","width_ft":30}},{"type":"Feature","id":154,"geometry":{"type":"LineString","coordinates":[[-119.19194399299839,40.773947911799588],[-119.1913998375118,40.773630363545486]]},"properties":{"OBJECTID":154,"name":"2:45","source":"radial","kind":"path","width_ft":40}},{"type":"Feature","id":155,"geometry":{"type":"LineString","coordinates":[[-119.21114999528177,40.773981479170985],[-119.21141160120837,40.773239135990956]]},"properties":{"OBJECTID":155,"name":"5:00","source":"radial","kind":"avenue","width_ft":40}},{"type":"Feature","id":156,"geometry":{"type":"LineString","coordinates":[[-119.20788409489174,40.773654659792555],[-119.20821284653762,40.773657778711595],[-119.20854146951932,40.773667489953617],[-119.20886983165695,40.773683789612534],[-119.2091978008756,40.773706671132231],[-119.20952524525833,40.773736125309227],[-119.20985203309932,40.773772140296373],[-119.21017803295685,40.773814701607577],[-119.21050311370612,40.773863792123699],[-119.21082714459205,40.773919392099373],[-119.21114999528177,40.773981479170985]]},"properties":{"OBJECTID":156,"name":"C","source":"annular","kind":"annular","width_ft":30}},{"type":"Feature","id":157,"geometry":{"type":"LineString","coordinates":[[-119.20461819578014,40.773981480614495],[-119.20494104633013,40.773919393415767],[-119.20526507707868,40.773863793309012],[-119.20559015769307,40.773814702657894],[-119.20591615741829,40.773772141207822],[-119.20624294512965,40.773736126077999],[-119.20657038938552,40.773706671754553],[-119.20689835848019,40.773683790084696],[-119.20722672049685,40.773667490271968],[-119.20755534336061,40.77365777887254],[-119.20788409489174,40.773654659792555]]},"properties":{"OBJECTID":157,"name":"C","source":"annular","kind":"annular","width_ft":30}},{"type":"Feature","id":158,"geometry":{"type":"LineString","coordinates":[[-119.20461819578014,40.773981480614495],[-119.20435658845558,40.77323913567691]]},"properties":{"OBJECTID":158,"name":"4:00","source":"radial","kind":"avenue","width_ft":40}},{"type":"Feature","id":159,"geometry":{"type":"LineString","coordinates":[[-119.22330868860585,40.77424873421932],[-119.22382419686818,40.773947909149413]]},"properties":{"OBJECTID":159,"name":"6:15","source":"radial","kind":"avenue","width_ft":40}},{"type":"Feature","id":160,"geometry":{"type":"LineString","coordinates":[[-119.22163156182496,40.772795368734357],[-119.22188257112573,40.772989392579582],[-119.22212991526028,40.773188067692992],[-119.22237350805158,40.773391324854295],[-119.22261326462954,40.773599093246752],[-119.22284910146072,40.773811300481889],[-119.22308093637733,40.774027872624671],[-119.22330868860585,40.77424873421932]]},"properties":{"OBJECTID":160,"name":"I","source":"annular","kind":"annular","width_ft":30}},{"type":"Feature","id":161,"geometry":{"type":"LineString","coordinates":[[-119.19245950371599,40.774248738585165],[-119.19268725607276,40.774027877208887],[-119.19291909111125,40.773811305284426],[-119.19315492805804,40.773599098267404],[-119.19339468474537,40.7733913300927],[-119.19363827763983,40.773188073148638],[-119.19388562187142,40.772989398251788],[-119.19413663126316,40.772795374622305]]},"properties":{"OBJECTID":161,"name":"I","source":"annular","kind":"annular","width_ft":30}},{"type":"Feature","id":162,"geometry":{"type":"LineString","coordinates":[[-119.19245950371599,40.774248738585165],[-119.19194399299839,40.773947911799588]]},"properties":{"OBJECTID":162,"name":"2:45","source":"radial","kind":"path","width_ft":40}},{"type":"Feature","id":163,"geometry":{"type":"LineString","coordinates":[[-119.21469882244595,40.77427408602361],[-119.21521323616383,40.773596612607022]]},"properties":{"OBJECTID":163,"name":"5:30","source":"radial","kind":"avenue","width_ft":40}},{"type":"Feature","id":164,"geometry":{"type":"LineString","coordinates":[[-119.21141160120837,40.773239135990956],[-119.21171868342464,40.773304122685737],[-119.21202445476325,40.773375021532942],[-119.21232880141059,40.773451806142731],[-119.21263161008336,40.773534447934509],[-119.2129327680707,40.773622916147488],[-119.21323216327619,40.773717177852227],[-119.21352968425953,40.773817197962806],[-119.21382522027805,40.773922939249935],[-119.21411866132793,40.774034362354818],[-119.2144098981851,40.774151425803744],[-119.21469882244595,40.77427408602361]]},"properties":{"OBJECTID":164,"name":"D","source":"annular","kind":"annular","width_ft":30}},{"type":"Feature","id":165,"geometry":{"type":"LineString","coordinates":[[-119.20106936869973,40.774274089858203],[-119.20135829278142,40.774151429252981],[-119.20164952946865,40.774034365419723],[-119.20194297035773,40.773922941931758],[-119.20223850622449,40.773817200262982],[-119.20253602706497,40.773717179772426],[-119.20283542213637,40.773622917689558],[-119.2031365799983,40.773534449100495],[-119.20343938855417,40.773451806934887],[-119.20374373509303,40.77337502195369],[-119.20404950633142,40.773304122737692],[-119.20435658845558,40.77323913567691]]},"properties":{"OBJECTID":165,"name":"D","source":"annular","kind":"annular","width_ft":30}},{"type":"Feature","id":166,"geometry":{"type":"LineString","coordinates":[[-119.20106936869973,40.774274089858203],[-119.20055495241833,40.77359661202447]]},"properties":{"OBJECTID":166,"name":"3:30","source":"radial","kind":"avenue","width_ft":40}},{"type":"Feature","id":167,"geometry":{"type":"LineString","coordinates":[[-119.20788409500227,40.774423179006924],[-119.20788409489174,40.773654659792555]]},"properties":{"OBJECTID":167,"name":"4:30","source":"radial","kind":"avenue","width_ft":40}},{"type":"Feature","id":168,"geometry":{"type":"LineString","coordinates":[[-119.22020212759774,40.773882385045525],[-119.21948739478789,40.774425885136026]]},"properties":{"OBJECTID":168,"name":"6:00","source":"radial","kind":"avenue","width_ft":40}},{"type":"Feature","id":169,"geometry":{"type":"LineString","coordinates":[[-119.21787343112075,40.773350132567984],[-119.2181513449768,40.773515641181092],[-119.21842584035161,40.773686759565841],[-119.21869680402635,40.773863417142429],[-119.21896412423885,40.77404554104637],[-119.21922769072972,40.774233056158508],[-119.21948739478789,40.774425885136026]]},"properties":{"OBJECTID":169,"name":"F","source":"annular","kind":"annular","width_ft":30}},{"type":"Feature","id":170,"geometry":{"type":"LineString","coordinates":[[-119.19628079995429,40.774425890667679],[-119.19654050330512,40.77423306089463],[-119.19680406911449,40.774045544986144],[-119.19707138867103,40.773863420285757],[-119.19734235171509,40.773686761913325],[-119.19761684648422,40.773515642734026],[-119.19789475975925,40.77335013332835]]},"properties":{"OBJECTID":170,"name":"F","source":"annular","kind":"annular","width_ft":30}},{"type":"Feature","id":171,"geometry":{"type":"LineString","coordinates":[[-119.19628079995429,40.774425890667679],[-119.19556606580355,40.773882389795375]]},"properties":{"OBJECTID":171,"name":"3:00","source":"radial","kind":"avenue","width_ft":40}},{"type":"Feature","id":172,"geometry":{"type":"LineString","coordinates":[[-119.19326141759949,40.77471668635549],[-119.19347732765371,40.774507307696936],[-119.19369710818319,40.774301995512602],[-119.1939206826122,40.77410082133715],[-119.19414797304314,40.773903855263498],[-119.19437890028374,40.773711165918371],[-119.19461338387453,40.773522820438401],[-119.19485134211696,40.773338884446737]]},"properties":{"OBJECTID":172,"name":"H","source":"annular","kind":"annular","width_ft":30}},{"type":"Feature","id":173,"geometry":{"type":"LineString","coordinates":[[-119.19326141759949,40.77471668635549],[-119.19245950371599,40.774248738585165]]},"properties":{"OBJECTID":173,"name":"2:45","source":"radial","kind":"path","width_ft":40}},{"type":"Feature","id":174,"geometry":{"type":"LineString","coordinates":[[-119.22250677011957,40.774716684825073],[-119.22330868860585,40.77424873421932]]},"properties":{"OBJECTID":174,"name":"6:15","source":"radial","kind":"avenue","width_ft":40}},{"type":"Feature","id":175,"geometry":{"type":"LineString","coordinates":[[-119.2209168463903,40.773338882280129],[-119.22115480452992,40.773522818363254],[-119.22138928801469,40.773711163934635],[-119.221620215146,40.773903853371046],[-119.22184750546442,40.774100819535768],[-119.22207107977758,40.77430199380197],[-119.22229086018788,40.774507306076664],[-119.22250677011957,40.774716684825073]]},"properties":{"OBJECTID":175,"name":"H","source":"annular","kind":"annular","width_ft":30}},{"type":"Feature","id":176,"geometry":{"type":"LineString","coordinates":[[-119.21088838353207,40.774723820761885],[-119.21114999528177,40.773981479170985]]},"properties":{"OBJECTID":176,"name":"5:00","source":"radial","kind":"avenue","width_ft":40}},{"type":"Feature","id":177,"geometry":{"type":"LineString","coordinates":[[-119.20788409500227,40.774423179006924],[-119.20818651232707,40.774426048259841],[-119.20848881129064,40.774434981768934],[-119.20879087030103,40.774449975940932],[-119.20909256786285,40.774471024744827],[-119.20939378262608,40.774498119714266],[-119.20969439343487,40.774531249951011],[-119.20999427937635,40.774570402129285],[-119.21029331982913,40.774615560501132],[-119.21059139451198,40.774666706902771],[-119.21088838353207,40.774723820761885]]},"properties":{"OBJECTID":177,"name":"B","source":"annular","kind":"annular","width_ft":30}},{"type":"Feature","id":178,"geometry":{"type":"LineString","coordinates":[[-119.20487980774342,40.774723822161938],[-119.20517679662497,40.774666708180369],[-119.20547487117153,40.774615561652247],[-119.20577391149043,40.77457040314993],[-119.20607379730046,40.774531250837256],[-119.20637440798042,40.774498120462219],[-119.20667562261748,40.77447102535065],[-119.20697732005593,40.774449976400838],[-119.20727937894583,40.774434982079192],[-119.20758167779188,40.774426048416771],[-119.20788409500227,40.774423179006924]]},"properties":{"OBJECTID":178,"name":"B","source":"annular","kind":"annular","width_ft":30}},{"type":"Feature","id":179,"geometry":{"type":"LineString","coordinates":[[-119.20487980774342,40.774723822161938],[-119.20461819578014,40.773981480614495]]},"properties":{"OBJECTID":179,"name":"4:00","source":"radial","kind":"avenue","width_ft":40}},{"type":"Feature","id":180,"geometry":{"type":"LineString","coordinates":[[-119.21419342100552,40.774939675391835],[-119.21469882244595,40.77427408602361]]},"properties":{"OBJECTID":180,"name":"5:30","source":"radial","kind":"avenue","width_ft":40}},{"type":"Feature","id":181,"geometry":{"type":"LineString","coordinates":[[-119.21114999528177,40.773981479170985],[-119.21146266867366,40.774047964438054],[-119.21177386076448,40.774121070001037],[-119.21208343139797,40.774200762934278],[-119.21239124114814,40.774287007345265],[-119.21269715138209,40.774379764390808],[-119.21300102432239,40.774478992294519],[-119.21330272310925,40.774584646365625],[-119.21360211186202,40.774696679019122],[-119.21389905574047,40.774815039797168],[-119.21419342100552,40.774939675391835]]},"properties":{"OBJECTID":181,"name":"C","source":"annular","kind":"annular","width_ft":30}},{"type":"Feature","id":182,"geometry":{"type":"LineString","coordinates":[[-119.2015747703318,40.7749396782419],[-119.20186913555069,40.774815042495675],[-119.20216607938742,40.774696681568194],[-119.20246546810282,40.774584648767515],[-119.2027671668565,40.774478994551572],[-119.20307103976778,40.774379766505504],[-119.20337694997666,40.774287009320176],[-119.20368475970564,40.774200764772075],[-119.20399433032166,40.774121071704506],[-119.20430552239863,40.774047966010066],[-119.20461819578014,40.773981480614495]]},"properties":{"OBJECTID":182,"name":"C","source":"annular","kind":"annular","width_ft":30}},{"type":"Feature","id":183,"geometry":{"type":"LineString","coordinates":[[-119.2015747703318,40.7749396782419],[-119.20106936869973,40.774274089858203]]},"properties":{"OBJECTID":183,"name":"3:30","source":"radial","kind":"avenue","width_ft":40}},{"type":"Feature","id":184,"geometry":{"type":"LineString","coordinates":[[-119.19406334984305,40.775184633020636],[-119.19426741677069,40.774986736634084],[-119.19447514197827,40.774792683731782],[-119.19468645308802,40.774602541927699],[-119.19490127647266,40.774416377473052],[-119.19511953728116,40.774234255233232],[-119.19534115946477,40.774056238665203],[-119.19556606580355,40.773882389795375]]},"properties":{"OBJECTID":184,"name":"G","source":"annular","kind":"annular","width_ft":30}},{"type":"Feature","id":185,"geometry":{"type":"LineString","coordinates":[[-119.19406334984305,40.775184633020636],[-119.19326141759949,40.77471668635549]]},"properties":{"OBJECTID":185,"name":"2:45","source":"radial","kind":"path","width_ft":40}},{"type":"Feature","id":186,"geometry":{"type":"LineString","coordinates":[[-119.22170483682618,40.775184631623631],[-119.22250677011957,40.774716684825073]]},"properties":{"OBJECTID":186,"name":"6:15","source":"radial","kind":"avenue","width_ft":40}},{"type":"Feature","id":187,"geometry":{"type":"LineString","coordinates":[[-119.22020212759774,40.773882385045525],[-119.22042703301604,40.774056234431086],[-119.22064865426522,40.774234251503174],[-119.22086691412544,40.774416374235024],[-119.22108173654809,40.774602539169337],[-119.22129304668226,40.774792681440374],[-119.22150077090085,40.77498673479657],[-119.22170483682618,40.775184631623631]]},"properties":{"OBJECTID":187,"name":"G","source":"annular","kind":"annular","width_ft":30}},{"type":"Feature","id":188,"geometry":{"type":"LineString","coordinates":[[-119.20788409511283,40.775191699919652],[-119.20788409500227,40.774423179006924]]},"properties":{"OBJECTID":188,"name":"4:30","source":"radial","kind":"avenue","width_ft":40}},{"type":"Feature","id":189,"geometry":{"type":"LineString","coordinates":[[-119.22436835226331,40.773630360804873],[-119.22459868817609,40.773862514499633],[-119.2248243193509,40.774099243339549],[-119.22504515493084,40.774340451998889],[-119.22526110599,40.774586043347966],[-119.22547208556945,40.774835918492307],[-119.22567800871211,40.775089976812417],[-119.22587879249706,40.775348116004338]]},"properties":{"OBJECTID":189,"name":"K","source":"annular","kind":"annular","width_ft":50}},{"type":"Feature","id":190,"geometry":{"type":"LineString","coordinates":[[-119.18988939777198,40.775348118996291],[-119.19009018148239,40.775089979771202],[-119.19029610455182,40.774835921416944],[-119.19050708405936,40.774586046237516],[-119.19072303504795,40.77434045485245],[-119.19094387055864,40.774099246156261],[-119.19116950166557,40.77386251727868],[-119.1913998375118,40.773630363545486]]},"properties":{"OBJECTID":190,"name":"K","source":"annular","kind":"annular","width_ft":50}},{"type":"Feature","id":191,"geometry":{"type":"LineString","coordinates":[[-119.21948739478789,40.774425885136026],[-119.21824934518517,40.775367296401768]]},"properties":{"OBJECTID":191,"name":"6:00","source":"radial","kind":"avenue","width_ft":40}},{"type":"Feature","id":192,"geometry":{"type":"LineString","coordinates":[[-119.21521323616383,40.773596612607022],[-119.21541996884272,40.77368905493033],[-119.21562468485789,40.773784055969031],[-119.21582732941661,40.77388159029978],[-119.21602784827984,40.773981631821222],[-119.21622618777664,40.774084153760903],[-119.2164222948185,40.774189128682444],[-119.21661611691374,40.774296528492926],[-119.21680760218132,40.774406324450275],[-119.21699669936488,40.774518487171107],[-119.21718335784631,40.774632986638494],[-119.21736752765945,40.774749792209924],[-119.21754915950338,40.774868872625639],[-119.21772820475555,40.77499019601688],[-119.21790461548493,40.775113729914445],[-119.21807834446479,40.775239441257376],[-119.21824934518517,40.775367296401768]]},"properties":{"OBJECTID":192,"name":"E","source":"annular","kind":"annular","width_ft":40}},{"type":"Feature","id":193,"geometry":{"type":"LineString","coordinates":[[-119.19751884864371,40.775367300827],[-119.19768984898705,40.775239445401546],[-119.1978635775959,40.775113733772912],[-119.19803998796056,40.774990199585105],[-119.19821903285431,40.774868875899124],[-119.19840066434624,40.774749795184277],[-119.19858483381387,40.774632989309396],[-119.19877149195641,40.774518489534309],[-119.19896058880771,40.774406326501641],[-119.19915207374986,40.774296530228376],[-119.19934589552649,40.774189130098023],[-119.19954200225672,40.77408415485268],[-119.19974034144892,40.773981632585418],[-119.19994086001461,40.773881590732664],[-119.20014350428305,40.77378405606693],[-119.20034822001519,40.773689054689733],[-119.20055495241833,40.77359661202447]]},"properties":{"OBJECTID":193,"name":"E","source":"annular","kind":"annular","width_ft":40}},{"type":"Feature","id":194,"geometry":{"type":"LineString","coordinates":[[-119.19751884864371,40.775367300827],[-119.19628079995429,40.774425890667679]]},"properties":{"OBJECTID":194,"name":"3:00","source":"radial","kind":"avenue","width_ft":40}},{"type":"Feature","id":195,"geometry":{"type":"LineString","coordinates":[[-119.21419342100552,40.774939675391835],[-119.21445789813434,40.775058970890925],[-119.21471977231634,40.775183876777803],[-119.21497892455406,40.775314336294343],[-119.21523523708692,40.775450290158851]]},"properties":{"OBJECTID":195,"name":"C","source":"annular","kind":"annular","width_ft":30}},{"type":"Feature","id":196,"geometry":{"type":"LineString","coordinates":[[-119.21062676595898,40.775466161664141],[-119.21088838353207,40.774723820761885]]},"properties":{"OBJECTID":196,"name":"5:00","source":"radial","kind":"avenue","width_ft":40}},{"type":"Feature","id":197,"geometry":{"type":"LineString","coordinates":[[-119.20788409511283,40.775191699919652],[-119.20819084869679,40.775194952154166],[-119.20849745365071,40.775205038805375],[-119.20880375772387,40.775221954864548],[-119.209109608815,40.775245691931687],[-119.20941485504773,40.775276238219675],[-119.20971934484602,40.775313578560166],[-119.21002292700953,40.775357694411078],[-119.21032545078856,40.77540856386581],[-119.21062676595898,40.775466161664141]]},"properties":{"OBJECTID":197,"name":"A","source":"annular","kind":"annular","width_ft":30}},{"type":"Feature","id":198,"geometry":{"type":"LineString","coordinates":[[-119.20514142553012,40.775466163020681],[-119.20544274054795,40.77540856509043],[-119.20574526417711,40.775357695498933],[-119.20604884619362,40.775313579506474],[-119.20635333584795,40.775276239019696],[-119.20665858193983,40.775245692580754],[-119.20696443289341,40.775221955358063],[-119.20727073683244,40.775205039138811],[-119.20757734165578,40.775194952323076],[-119.20788409511283,40.775191699919652]]},"properties":{"OBJECTID":198,"name":"A","source":"annular","kind":"annular","width_ft":30}},{"type":"Feature","id":199,"geometry":{"type":"LineString","coordinates":[[-119.20514142553012,40.775466163020681],[-119.20487980774342,40.774723822161938]]},"properties":{"OBJECTID":199,"name":"4:00","source":"radial","kind":"avenue","width_ft":40}},{"type":"Feature","id":200,"geometry":{"type":"LineString","coordinates":[[-119.2020801796821,40.775605262534775],[-119.20235096435938,40.77549061073384],[-119.20262412110505,40.775381731125051],[-119.20289952689212,40.775278672746659],[-119.2031770576807,40.775181482015093],[-119.20345658847378,40.775090202704035],[-119.20373799337362,40.775004875924758],[-119.20402114563835,40.774925540107546],[-119.20430591773912,40.774852230984429],[-119.20459218141754,40.774784981573085],[-119.20487980774342,40.774723822161938]]},"properties":{"OBJECTID":200,"name":"B","source":"annular","kind":"annular","width_ft":30}},{"type":"Feature","id":201,"geometry":{"type":"LineString","coordinates":[[-119.2020801796821,40.775605262534775],[-119.2015747703318,40.7749396782419]]},"properties":{"OBJECTID":201,"name":"3:30","source":"radial","kind":"avenue","width_ft":40}},{"type":"Feature","id":202,"geometry":{"type":"LineString","coordinates":[[-119.21368800947789,40.775605262470336],[-119.21419342100552,40.774939675391835]]},"properties":{"OBJECTID":202,"name":"5:30","source":"radial","kind":"avenue","width_ft":40}},{"type":"Feature","id":203,"geometry":{"type":"LineString","coordinates":[[-119.21088838353207,40.774723820761885],[-119.21117600965879,40.774784980330175],[-119.21146227313494,40.774852229893575],[-119.21174704503049,40.774925539163583],[-119.21203019708715,40.775004875122477],[-119.21231160177621,40.775090202038172],[-119.21259113235593,40.775181481480331],[-119.2128686629287,40.775278672337635],[-119.21314406849764,40.775381730836351],[-119.21341722502298,40.775490610560013],[-119.21368800947789,40.775605262470336]]},"properties":{"OBJECTID":203,"name":"B","source":"annular","kind":"annular","width_ft":30}},{"type":"Feature","id":204,"geometry":{"type":"LineString","coordinates":[[-119.22528476579568,40.775608957392102],[-119.22587879249706,40.775348116004338]]},"properties":{"OBJECTID":204,"name":"6:30","source":"radial","kind":"avenue","width_ft":40}},{"type":"Feature","id":205,"geometry":{"type":"LineString","coordinates":[[-119.22382419686818,40.773947909149413],[-119.22404692783756,40.774172398864856],[-119.22426510933668,40.774401312714382],[-119.22447865350659,40.77463455851727],[-119.22468747435572,40.774872042348363],[-119.22489148779455,40.775113668575919],[-119.22509061166943,40.775359339900078],[-119.22528476579568,40.775608957392102]]},"properties":{"OBJECTID":205,"name":"J","source":"annular","kind":"annular","width_ft":30}},{"type":"Feature","id":206,"geometry":{"type":"LineString","coordinates":[[-119.19048342454855,40.775608960285332],[-119.19067757860269,40.77535934276122],[-119.19087670240675,40.775113671404021],[-119.19108071577604,40.774872045142537],[-119.19128953655691,40.774634561276642],[-119.19150308065987,40.774401315438126],[-119.19172126209334,40.774172401552185],[-119.19194399299839,40.773947911799588]]},"properties":{"OBJECTID":206,"name":"J","source":"annular","kind":"annular","width_ft":30}},{"type":"Feature","id":207,"geometry":{"type":"LineString","coordinates":[[-119.19048342454855,40.775608960285332],[-119.18988939777198,40.775348118996291]]},"properties":{"OBJECTID":207,"name":"2:30","source":"radial","kind":"avenue","width_ft":40}},{"type":"Feature","id":208,"geometry":{"type":"LineString","coordinates":[[-119.22090289938514,40.77565256830993],[-119.22170483682618,40.775184631623631]]},"properties":{"OBJECTID":208,"name":"6:15","source":"radial","kind":"avenue","width_ft":40}},{"type":"Feature","id":209,"geometry":{"type":"LineString","coordinates":[[-119.21948739478789,40.774425885136026],[-119.21973425899088,40.774617323590299],[-119.2199768958365,40.774814092433459],[-119.22021519025111,40.77501609834539],[-119.22044902922056,40.775223245522191],[-119.22067830184373,40.775435435721676],[-119.22090289938514,40.77565256830993]]},"properties":{"OBJECTID":209,"name":"F","source":"annular","kind":"annular","width_ft":30}},{"type":"Feature","id":210,"geometry":{"type":"LineString","coordinates":[[-119.19486528978757,40.775652571374948],[-119.19508988828854,40.775435439157434],[-119.19531916185909,40.775223249345309],[-119.19555300176347,40.775016102572138],[-119.19579129710031,40.774814097079748],[-119.19603393485521,40.774617328671674],[-119.19628079995429,40.774425890667679]]},"properties":{"OBJECTID":210,"name":"F","source":"annular","kind":"annular","width_ft":30}},{"type":"Feature","id":211,"geometry":{"type":"LineString","coordinates":[[-119.19486528978757,40.775652571374948],[-119.19406334984305,40.775184633020636]]},"properties":{"OBJECTID":211,"name":"2:45","source":"radial","kind":"path","width_ft":40}},{"type":"Feature","id":212,"geometry":{"type":"LineString","coordinates":[[-119.22472200336026,40.775856065748407],[-119.22528476579568,40.775608957392102]]},"properties":{"OBJECTID":212,"name":"6:30","source":"radial","kind":"avenue","width_ft":40}},{"type":"Feature","id":213,"geometry":{"type":"LineString","coordinates":[[-119.22330868860585,40.77424873421932],[-119.22352421387268,40.774465964172208],[-119.2237353367392,40.774687475183903],[-119.22394197218675,40.774913178052486],[-119.22414403700375,40.77514298188796],[-119.22434144981922,40.775376794148897],[-119.22453413113548,40.775614520679675],[-119.22472200336026,40.775856065748407]]},"properties":{"OBJECTID":213,"name":"I","source":"annular","kind":"annular","width_ft":30}},{"type":"Feature","id":214,"geometry":{"type":"LineString","coordinates":[[-119.19104618705514,40.775856068548094],[-119.19123405957613,40.775614523695246],[-119.19142674118066,40.775376797383359],[-119.19162415427641,40.775142985344083],[-119.19182621936575,40.774913181732806],[-119.19203285507767,40.77468747909073],[-119.19224397820064,40.774465968307609],[-119.19245950371599,40.774248738585165]]},"properties":{"OBJECTID":214,"name":"I","source":"annular","kind":"annular","width_ft":30}},{"type":"Feature","id":215,"geometry":{"type":"LineString","coordinates":[[-119.19104618705514,40.775856068548094],[-119.19048342454855,40.775608960285332]]},"properties":{"OBJECTID":215,"name":"2:30","source":"radial","kind":"avenue","width_ft":40}},{"type":"Feature","id":216,"geometry":{"type":"LineString","coordinates":[[-119.19824637686179,40.77592049340803],[-119.19840537374041,40.775801612252828],[-119.19856690744987,40.775684724409793],[-119.19873093474507,40.775569861162218],[-119.19889741171431,40.775457053251344],[-119.19906629379078,40.775346330868196],[-119.19923753576479,40.775237723645496],[-119.19941109179572,40.775131260649744],[-119.19958691542431,40.775026970373453],[-119.19976495958507,40.774924880727482],[-119.19994517661895,40.774825019033699],[-119.20012751828602,40.774727412017526],[-119.20031193577837,40.774632085800867],[-119.20049837973322,40.774539065895141],[-119.20068680024609,40.77444837719446],[-119.20087714688414,40.77436004396894],[-119.20106936869973,40.774274089858203]]},"properties":{"OBJECTID":216,"name":"D","source":"annular","kind":"annular","width_ft":30}},{"type":"Feature","id":217,"geometry":{"type":"LineString","coordinates":[[-119.19824637686179,40.77592049340803],[-119.19751884864371,40.775367300827]]},"properties":{"OBJECTID":217,"name":"3:00","source":"radial","kind":"avenue","width_ft":40}},{"type":"Feature","id":218,"geometry":{"type":"LineString","coordinates":[[-119.21824934518517,40.775367296401768],[-119.21752181120422,40.775920493606733]]},"properties":{"OBJECTID":218,"name":"6:00","source":"radial","kind":"avenue","width_ft":40}},{"type":"Feature","id":219,"geometry":{"type":"LineString","coordinates":[[-119.21469882244595,40.77427408602361],[-119.21489104411413,40.774360040399202],[-119.21508139059863,40.774448373888248],[-119.21526981095184,40.774539062851034],[-119.21545625474096,40.774632083017387],[-119.21564067206151,40.774727409493096],[-119.21582301355078,40.774825016766691],[-119.21600323040082,40.77492487871617],[-119.21618127437178,40.77502696861599],[-119.21635709780459,40.775131259144281],[-119.21653065363381,40.775237722390017],[-119.21670189540023,40.775346329860675],[-119.2168707772633,40.775457052489664],[-119.21703725401322,40.775569860644133],[-119.21720128108342,40.775684724133015],[-119.21736281456211,40.775801612215012],[-119.21752181120422,40.775920493606733]]},"properties":{"OBJECTID":219,"name":"D","source":"annular","kind":"annular","width_ft":30}},{"type":"Feature","id":220,"geometry":{"type":"LineString","coordinates":[[-119.21523523708692,40.775450290158851],[-119.21520358004511,40.775483746605829],[-119.21464491947117,40.7760741837564]]},"properties":{"OBJECTID":220,"name":"Route 66","source":"center_camp","kind":null,"width_ft":20}},{"type":"Feature","id":221,"geometry":{"type":"LineString","coordinates":[[-119.21368800947789,40.775605262470336],[-119.21393092579549,40.775714828010692],[-119.21417145534625,40.775829538429569],[-119.21440948917854,40.775949341767074],[-119.21464491947117,40.7760741837564]]},"properties":{"OBJECTID":221,"name":"B","source":"annular","kind":"annular","width_ft":30}},{"type":"Feature","id":222,"geometry":{"type":"LineString","coordinates":[[-119.22384658854776,40.776240450149864],[-119.22472200336026,40.775856065748407]]},"properties":{"OBJECTID":222,"name":"6:30","source":"radial","kind":"avenue","width_ft":40}},{"type":"Feature","id":223,"geometry":{"type":"LineString","coordinates":[[-119.22250677011957,40.774716684825073],[-119.22271108784865,40.774922620801007],[-119.22291123199243,40.775132615282651],[-119.22310712195065,40.775346583702927],[-119.22329867883627,40.775564439894417],[-119.22348582550728,40.775786096124058],[-119.22366848659765,40.776011463128455],[-119.22384658854776,40.776240450149864]]},"properties":{"OBJECTID":223,"name":"H","source":"annular","kind":"annular","width_ft":30}},{"type":"Feature","id":224,"geometry":{"type":"LineString","coordinates":[[-119.1919216043473,40.776240453704844],[-119.19209970552767,40.776011466427825],[-119.19228236585816,40.775786099156129],[-119.19246951177929,40.775564442647784],[-119.19266106792521,40.775346586166485],[-119.19285695715402,40.775132617445578],[-119.19305710057881,40.774922622652795],[-119.19326141759949,40.77471668635549]]},"properties":{"OBJECTID":224,"name":"H","source":"annular","kind":"annular","width_ft":30}},{"type":"Feature","id":225,"geometry":{"type":"LineString","coordinates":[[-119.1919216043473,40.776240453704844],[-119.19104618705514,40.775856068548094]]},"properties":{"OBJECTID":225,"name":"2:30","source":"radial","kind":"avenue","width_ft":40}},{"type":"Feature","id":226,"geometry":{"type":"LineString","coordinates":[[-119.21318259260055,40.776270842756283],[-119.21368800947789,40.775605262470336]]},"properties":{"OBJECTID":226,"name":"5:30","source":"radial","kind":"avenue","width_ft":40}},{"type":"Feature","id":227,"geometry":{"type":"LineString","coordinates":[[-119.21062676595898,40.775466161664141],[-119.2109184455954,40.77552854233133],[-119.21120857327922,40.77559778310706],[-119.21149698768888,40.77567384549095],[-119.21178352845547,40.775756687189535],[-119.21206803625189,40.775846262139815],[-119.21235035288146,40.775942520534862],[-119.21263032136582,40.776045408851502],[-119.21290778603235,40.776154869880081],[-119.21318259260055,40.776270842756283]]},"properties":{"OBJECTID":227,"name":"A","source":"annular","kind":"annular","width_ft":30}},{"type":"Feature","id":228,"geometry":{"type":"LineString","coordinates":[[-119.20258560148879,40.776270848139944],[-119.20286040771715,40.776154874819582],[-119.20313787205684,40.776045413345194],[-119.20341784022732,40.77594252458146],[-119.20370015655577,40.775846265738387],[-119.20398466406375,40.775756690339499],[-119.20427120455442,40.775673848192071],[-119.20455961870051,40.775597785359452],[-119.20484974613299,40.775528544135419],[-119.20514142553012,40.775466163020681]]},"properties":{"OBJECTID":228,"name":"A","source":"annular","kind":"annular","width_ft":30}},{"type":"Feature","id":229,"geometry":{"type":"LineString","coordinates":[[-119.20258560148879,40.776270848139944],[-119.2020801796821,40.775605262534775]]},"properties":{"OBJECTID":229,"name":"3:30","source":"radial","kind":"avenue","width_ft":40}},{"type":"Feature","id":230,"geometry":{"type":"LineString","coordinates":[[-119.2078840952846,40.776385652346683],[-119.20788409511283,40.775191699919652]]},"properties":{"OBJECTID":230,"name":"4:30","source":"radial","kind":"avenue","width_ft":40}},{"type":"Feature","id":231,"geometry":{"type":"LineString","coordinates":[[-119.2078840952846,40.776385652346683],[-119.20787523352323,40.776385655048593]]},"properties":{"OBJECTID":231,"name":"ESP","source":"annular","kind":"annular","width_ft":40}},{"type":"Feature","id":232,"geometry":{"type":"LineString","coordinates":[[-119.2130484398733,40.776447504180133],[-119.21318259260055,40.776270842756283]]},"properties":{"OBJECTID":232,"name":"5:30","source":"radial","kind":"avenue","width_ft":40}},{"type":"Feature","id":233,"geometry":{"type":"LineString","coordinates":[[-119.2130484398733,40.776447504180133],[-119.21311316642155,40.776357389071059],[-119.21318259260055,40.776270842756283]]},"properties":{"OBJECTID":233,"name":"Rods Road","source":"center_camp","kind":"center_camp","width_ft":40}},{"type":"Feature","id":234,"geometry":{"type":"LineString","coordinates":[[-119.21752181120422,40.775920493606733],[-119.21680703707813,40.776463975108108]]},"properties":{"OBJECTID":234,"name":"6:00","source":"radial","kind":"avenue","width_ft":40}},{"type":"Feature","id":235,"geometry":{"type":"LineString","coordinates":[[-119.21523523708692,40.775450290158851],[-119.21546889157409,40.77558040026301],[-119.21569968545947,40.775715519621556],[-119.21592751136758,40.775855585371026],[-119.2161522633038,40.776000532346671],[-119.21637383670362,40.776150293112792],[-119.21659212848138,40.776304797994094],[-119.21680703707813,40.776463975108108]]},"properties":{"OBJECTID":235,"name":"C","source":"annular","kind":"annular","width_ft":30}},{"type":"Feature","id":236,"geometry":{"type":"LineString","coordinates":[[-119.19896115706653,40.776463979293538],[-119.19910836076969,40.776353914846645],[-119.19925791322137,40.776245695864176],[-119.19940977438394,40.7761393513101],[-119.1995639036025,40.776034909646476],[-119.19972025961557,40.775932398825994],[-119.19987880056637,40.77583184628444],[-119.20003948401393,40.77573327893333],[-119.20020226694442,40.7756367231528],[-119.20036710578266,40.775542204784514],[-119.2005339564039,40.775449749124697],[-119.20070277414544,40.775359380917457],[-119.20087351381872,40.775271124348123],[-119.20104612972135,40.775185003036803],[-119.20122057564933,40.775101040032055],[-119.20139680490945,40.775019257804722],[-119.2015747703318,40.7749396782419]]},"properties":{"OBJECTID":236,"name":"C","source":"annular","kind":"annular","width_ft":30}},{"type":"Feature","id":237,"geometry":{"type":"LineString","coordinates":[[-119.19896115706653,40.776463979293538],[-119.19824637686179,40.77592049340803]]},"properties":{"OBJECTID":237,"name":"3:00","source":"radial","kind":"avenue","width_ft":40}},{"type":"Feature","id":238,"geometry":{"type":"LineString","coordinates":[[-119.21022031184727,40.776619438482847],[-119.21062676595898,40.775466161664141]]},"properties":{"OBJECTID":238,"name":"5:00","source":"radial","kind":"avenue","width_ft":40}},{"type":"Feature","id":239,"geometry":{"type":"LineString","coordinates":[[-119.2078840952846,40.776385652346683],[-119.20814538904126,40.776388422453117],[-119.20840655619779,40.77639701414185],[-119.20866746706638,40.776411423146506],[-119.2089279920865,40.776431642311998],[-119.20918800188922,40.776457661598101],[-119.20944736736146,40.776489468084414],[-119.20970595971008,40.776527045976792],[-119.20996365052586,40.776570376615169],[-119.21022031184727,40.776619438482847]]},"properties":{"OBJECTID":239,"name":"ESP","source":"annular","kind":"annular","width_ft":40}},{"type":"Feature","id":240,"geometry":{"type":"LineString","coordinates":[[-119.20554787878913,40.776619438871307],[-119.20580357078137,40.776570549997054],[-119.20606028509231,40.776527349540032],[-119.20631789518697,40.776489858793823],[-119.20657627408887,40.77645809623769],[-119.2068352944426,40.776432077527446],[-119.20709482857652,40.776411815487769],[-119.20735474856581,40.776397320105858],[-119.20761492629539,40.776388598526502],[-119.20787523352323,40.776385655048593]]},"properties":{"OBJECTID":240,"name":"ESP","source":"annular","kind":"annular","width_ft":40}},{"type":"Feature","id":241,"geometry":{"type":"LineString","coordinates":[[-119.20554787878913,40.776619438871307],[-119.20514142553012,40.775466163020681]]},"properties":{"OBJECTID":241,"name":"4:00","source":"radial","kind":"avenue","width_ft":40}},{"type":"Feature","id":242,"geometry":{"type":"LineString","coordinates":[[-119.19279703054765,40.776624832196838],[-119.19296536183897,40.77640840325283],[-119.19313800231312,40.776195395792577],[-119.19331488244352,40.775985895599476],[-119.19349593099612,40.775779987044437],[-119.19368107505822,40.775577753051962],[-119.19387024006767,40.77537927506669],[-119.19406334984305,40.775184633020636]]},"properties":{"OBJECTID":242,"name":"G","source":"annular","kind":"annular","width_ft":30}},{"type":"Feature","id":243,"geometry":{"type":"LineString","coordinates":[[-119.19279703054765,40.776624832196838],[-119.1919216043473,40.776240453704844]]},"properties":{"OBJECTID":243,"name":"2:30","source":"radial","kind":"avenue","width_ft":40}},{"type":"Feature","id":244,"geometry":{"type":"LineString","coordinates":[[-119.22297115416696,40.776624832390453],[-119.22384658854776,40.776240450149864]]},"properties":{"OBJECTID":244,"name":"6:30","source":"radial","kind":"avenue","width_ft":40}},{"type":"Feature","id":245,"geometry":{"type":"LineString","coordinates":[[-119.22170483682618,40.775184631623631],[-119.22189794634912,40.775379273901443],[-119.22208711109728,40.775577752117407],[-119.22227225488918,40.775779986339252],[-119.22245330316264,40.775985895122048],[-119.2226301830049,40.776195395541059],[-119.22280282318188,40.776408403225084],[-119.22297115416696,40.776624832390453]]},"properties":{"OBJECTID":245,"name":"G","source":"annular","kind":"annular","width_ft":30}},{"type":"Feature","id":246,"geometry":{"type":"LineString","coordinates":[[-119.21464491947117,40.7760741837564],[-119.21405459199548,40.776698075167872]]},"properties":{"OBJECTID":246,"name":"Route 66","source":"center_camp","kind":null,"width_ft":20}},{"type":"Feature","id":247,"geometry":{"type":"LineString","coordinates":[[-119.21318259260055,40.776270842756283],[-119.21340394704532,40.776370679468023],[-119.21362313086046,40.776475195564466],[-119.21384004513833,40.776584343882291],[-119.21405459199548,40.776698075167872]]},"properties":{"OBJECTID":247,"name":"A","source":"annular","kind":"annular","width_ft":30}},{"type":"Feature","id":248,"geometry":{"type":"LineString","coordinates":[[-119.21680703707813,40.776463975108108],[-119.21609224774862,40.777007454833857]]},"properties":{"OBJECTID":248,"name":"6:00","source":"radial","kind":"avenue","width_ft":40}},{"type":"Feature","id":249,"geometry":{"type":"LineString","coordinates":[[-119.21464491947117,40.7760741837564],[-119.21486007688054,40.776193957943931],[-119.21507259846938,40.776318349025146],[-119.21528238518269,40.776447299022124],[-119.21548933924021,40.776580747832085],[-119.21569336418194,40.776718633255371],[-119.21589436491314,40.776860891024448],[-119.21609224774862,40.777007454833857]]},"properties":{"OBJECTID":249,"name":"B","source":"annular","kind":"annular","width_ft":30}},{"type":"Feature","id":250,"geometry":{"type":"LineString","coordinates":[[-119.19967594655256,40.777007458900485],[-119.19981135707803,40.776906211308621],[-119.19994892825657,40.776806661332962],[-119.20008862325814,40.776708835617839],[-119.20023040468455,40.776612760346033],[-119.2003742345798,40.776518461231682],[-119.20052007444012,40.776425963513496],[-119.20066788522422,40.776335291947866],[-119.20081762736386,40.776246470802405],[-119.20096926077429,40.776159523849323],[-119.20112274486515,40.776074474359142],[-119.20127803855118,40.775991345094468],[-119.20143510026325,40.775910158303894],[-119.2015938879596,40.775830935716058],[-119.20175435913688,40.775753698533805],[-119.20191647084174,40.775678467428556],[-119.2020801796821,40.775605262534775]]},"properties":{"OBJECTID":250,"name":"B","source":"annular","kind":"annular","width_ft":30}},{"type":"Feature","id":251,"geometry":{"type":"LineString","coordinates":[[-119.19967594655256,40.777007458900485],[-119.19896115706653,40.776463979293538]]},"properties":{"OBJECTID":251,"name":"3:00","source":"radial","kind":"avenue","width_ft":40}},{"type":"Feature","id":252,"geometry":{"type":"LineString","coordinates":[[-119.22209572509125,40.777009200760226],[-119.22297115416696,40.776624832390453]]},"properties":{"OBJECTID":252,"name":"6:30","source":"radial","kind":"avenue","width_ft":40}},{"type":"Feature","id":253,"geometry":{"type":"LineString","coordinates":[[-119.22090289938514,40.77565256830993],[-119.22111475975596,40.77586682763225],[-119.22132154596198,40.776085988164574],[-119.22152314465005,40.776309929770584],[-119.22171944531064,40.77653852969312],[-119.22191034033841,40.776771662621506],[-119.22209572509125,40.777009200760226]]},"properties":{"OBJECTID":253,"name":"F","source":"annular","kind":"annular","width_ft":30}},{"type":"Feature","id":254,"geometry":{"type":"LineString","coordinates":[[-119.19367246565633,40.777009203123349],[-119.19385785016087,40.77677166512273],[-119.19404874493435,40.77653853232426],[-119.19424504533487,40.776309932523255],[-119.19444664375735,40.7760859910302],[-119.19465342969255,40.775866830602048],[-119.19486528978757,40.775652571374948]]},"properties":{"OBJECTID":254,"name":"F","source":"annular","kind":"annular","width_ft":30}},{"type":"Feature","id":255,"geometry":{"type":"LineString","coordinates":[[-119.19367246565633,40.777009203123349],[-119.19279703054765,40.776624832196838]]},"properties":{"OBJECTID":255,"name":"2:30","source":"radial","kind":"avenue","width_ft":40}},{"type":"Feature","id":256,"geometry":{"type":"LineString","coordinates":[[-119.22587879249706,40.775348116004338],[-119.22606749168713,40.775601420198264],[-119.22625069748653,40.775858725530618],[-119.22642832508429,40.776119912887729],[-119.22660029225169,40.776384861358814],[-119.22676651938046,40.77665344829196],[-119.22692692951948,40.776925549350928],[-119.22708144841053,40.777201038572684]]},"properties":{"OBJECTID":256,"name":"K","source":"annular","kind":"annular","width_ft":50}},{"type":"Feature","id":257,"geometry":{"type":"LineString","coordinates":[[-119.18868674239144,40.777201041764876],[-119.18884126120257,40.776925552518243],[-119.1890016712629,40.776653451433091],[-119.18916789831422,40.776384864472483],[-119.18933986540547,40.776119915972714],[-119.18951749292833,40.775858728585725],[-119.18970069865416,40.775601423222341],[-119.18988939777198,40.775348118996291]]},"properties":{"OBJECTID":257,"name":"K","source":"annular","kind":"annular","width_ft":50}},{"type":"Feature","id":258,"geometry":{"type":"LineString","coordinates":[[-119.21239736584944,40.777304870148882],[-119.2130484398733,40.776447504180133]]},"properties":{"OBJECTID":258,"name":"5:30","source":"radial","kind":"avenue","width_ft":40}},{"type":"Feature","id":259,"geometry":{"type":"LineString","coordinates":[[-119.21022031184727,40.776619438482847],[-119.21046876475222,40.776672574611425],[-119.21071589568585,40.776731554233137],[-119.2109615672321,40.776796344552636],[-119.21120564278638,40.77686690954355],[-119.21144798663154,40.776943209968515],[-119.21168846401335,40.777025203401017],[-119.21192694121542,40.777112844248975],[-119.21216328563354,40.777206083780072],[-119.21239736584944,40.777304870148882]]},"properties":{"OBJECTID":259,"name":"ESP","source":"annular","kind":"annular","width_ft":40}},{"type":"Feature","id":260,"geometry":{"type":"LineString","coordinates":[[-119.20337082498416,40.77730487089935],[-119.20360490517376,40.777206084490757],[-119.20384124956669,40.777112844919692],[-119.20407972674468,40.777025204031624],[-119.20432020410352,40.77694321055889],[-119.2045625479268,40.776866910093602],[-119.20480662346027,40.776796345062309],[-119.2050522949868,40.776731554702401],[-119.20529942590179,40.776672575040266],[-119.20554787878913,40.776619438871307]]},"properties":{"OBJECTID":260,"name":"ESP","source":"annular","kind":"annular","width_ft":40}},{"type":"Feature","id":261,"geometry":{"type":"LineString","coordinates":[[-119.20337082498416,40.77730487089935],[-119.20258560148879,40.776270848139944]]},"properties":{"OBJECTID":261,"name":"3:30","source":"radial","kind":"avenue","width_ft":40}},{"type":"Feature","id":262,"geometry":{"type":"LineString","coordinates":[[-119.22644769851023,40.7774007134988],[-119.22708144841053,40.777201038572684]]},"properties":{"OBJECTID":262,"name":"6:45","source":"radial","kind":"path","width_ft":20}},{"type":"Feature","id":263,"geometry":{"type":"LineString","coordinates":[[-119.22528476579568,40.775608957392102],[-119.22546723285363,40.775853899879749],[-119.22564438779541,40.77610271140702],[-119.22581614860911,40.776355276789403],[-119.22598243577997,40.776611479104574],[-119.22614317232723,40.776871199746559],[-119.2262982838397,40.777134318480591],[-119.22644769851023,40.7774007134988]]},"properties":{"OBJECTID":263,"name":"J","source":"annular","kind":"annular","width_ft":30}},{"type":"Feature","id":264,"geometry":{"type":"LineString","coordinates":[[-119.21273717442497,40.777461676349333],[-119.2127370088629,40.777395926929486],[-119.21273950838727,40.77733020484937],[-119.21274467061657,40.777264572519677],[-119.21275249064081,40.777199092265739],[-119.2127629610263,40.777133826268262],[-119.21277607182245,40.777068836504277],[-119.21279181057146,40.777004184688408],[-119.21281016232022,40.776939932214127],[-119.21283110963442,40.776876140095517],[-119.21285463261511,40.77681286890936],[-119.21288070891769,40.776750178737565],[-119.21290931377331,40.776688129110177],[-119.21294042001203,40.77662677894881],[-119.21297399808894,40.776566186510657],[-119.21301001611221,40.776506409333372],[-119.2130484398733,40.776447504180133]]},"properties":{"OBJECTID":264,"name":"Rods Road","source":"center_camp","kind":"center_camp","width_ft":40}},{"type":"Feature","id":265,"geometry":{"type":"LineString","coordinates":[[-119.21239736584944,40.777304870148882],[-119.21256801047886,40.777381668883713],[-119.21273717442497,40.777461676349333]]},"properties":{"OBJECTID":265,"name":"ESP","source":"annular","kind":"annular","width_ft":40}},{"type":"Feature","id":266,"geometry":{"type":"LineString","coordinates":[[-119.21609224774862,40.777007454833857],[-119.21537744203069,40.777550933684282]]},"properties":{"OBJECTID":266,"name":"6:00","source":"radial","kind":"avenue","width_ft":40}},{"type":"Feature","id":267,"geometry":{"type":"LineString","coordinates":[[-119.21405459199548,40.776698075167872],[-119.21428379603698,40.776826165553715],[-119.21450969773382,40.776959994037057],[-119.21473215346374,40.777099475533333],[-119.2149510217954,40.777244521363961],[-119.21516616357817,40.777395039312701],[-119.21537744203069,40.777550933684282]]},"properties":{"OBJECTID":267,"name":"A","source":"annular","kind":"annular","width_ft":30}},{"type":"Feature","id":268,"geometry":{"type":"LineString","coordinates":[[-119.20039074887349,40.777550934930332],[-119.20059589928233,40.777400034981611],[-119.20080455354331,40.777254018256016],[-119.20101659544491,40.77711296607864],[-119.20123190688885,40.776976957009516],[-119.20145036795586,40.776846066799877],[-119.20167185697244,40.776720368349977],[-119.2018962505787,40.776599931668493],[-119.20212342379696,40.776484823833499],[-119.20235325010148,40.77637510895515],[-119.20258560148879,40.776270848139944]]},"properties":{"OBJECTID":268,"name":"A","source":"annular","kind":"annular","width_ft":30}},{"type":"Feature","id":269,"geometry":{"type":"LineString","coordinates":[[-119.20039074887349,40.777550934930332],[-119.19967594655256,40.777007458900485]]},"properties":{"OBJECTID":269,"name":"3:00","source":"radial","kind":"avenue","width_ft":40}},{"type":"Feature","id":270,"geometry":{"type":"LineString","coordinates":[[-119.18992087546147,40.777589873915666],[-119.19006545626361,40.777332094893417],[-119.19021554970645,40.777077486191537],[-119.19037108630465,40.776826165680468],[-119.19053199405292,40.776578249708393],[-119.19069819845943,40.776333853047383],[-119.19086962258029,40.776093088840227],[-119.19104618705514,40.775856068548094]]},"properties":{"OBJECTID":270,"name":"I","source":"annular","kind":"annular","width_ft":30}},{"type":"Feature","id":271,"geometry":{"type":"LineString","coordinates":[[-119.18992087546147,40.777589873915666],[-119.18868674239144,40.777201041764876]]},"properties":{"OBJECTID":271,"name":"2:15","source":"radial","kind":"path","width_ft":40}},{"type":"Feature","id":272,"geometry":{"type":"LineString","coordinates":[[-119.22584731189909,40.777589871829719],[-119.22644769851023,40.7774007134988]]},"properties":{"OBJECTID":272,"name":"6:45","source":"radial","kind":"path","width_ft":20}},{"type":"Feature","id":273,"geometry":{"type":"LineString","coordinates":[[-119.22472200336026,40.775856065748407],[-119.22489856741377,40.776093086164963],[-119.22506999110807,40.77633385048933],[-119.22523619508291,40.776578247260183],[-119.22539710239452,40.776826163334547],[-119.22555263855119,40.777077483940197],[-119.2257027315478,40.777332092728791],[-119.22584731189909,40.777589871829719]]},"properties":{"OBJECTID":273,"name":"I","source":"annular","kind":"annular","width_ft":30}},{"type":"Feature","id":274,"geometry":{"type":"LineString","coordinates":[[-119.21680703707813,40.776463975108108],[-119.21700936686301,40.776620950447658],[-119.21720794695705,40.776782643197421],[-119.21740266739656,40.776948963820061],[-119.21759342035512,40.777119820215553],[-119.2177801002033,40.777295117772184],[-119.21796260356714,40.777474759418965],[-119.21814082938548,40.777658645679352]]},"properties":{"OBJECTID":274,"name":"C","source":"annular","kind":"annular","width_ft":30}},{"type":"Feature","id":275,"geometry":{"type":"LineString","coordinates":[[-119.22057931687191,40.777674973056705],[-119.22209572509125,40.777009200760226]]},"properties":{"OBJECTID":275,"name":"6:30","source":"radial","kind":"avenue","width_ft":40}},{"type":"Feature","id":276,"geometry":{"type":"LineString","coordinates":[[-119.21824934518517,40.775367296401768],[-119.21841757138436,40.775497261489811],[-119.21858297849711,40.775629301372852],[-119.21874552223834,40.775763380712654],[-119.21890515908858,40.775899463625038],[-119.21906184630549,40.776037513689268],[-119.21921554193541,40.77617749395796],[-119.21936620482457,40.776319366966959],[-119.21951379463007,40.776463094745189],[-119.2196582718308,40.77660863882501],[-119.21979959773783,40.776755960252359],[-119.21993773450502,40.776905019597216],[-119.22007264513891,40.777055776964218],[-119.22020429350897,40.777208192003172],[-119.22033264435687,40.777362223920008],[-119.22045766330626,40.777517831487565],[-119.22057931687191,40.777674973056705]]},"properties":{"OBJECTID":276,"name":"E","source":"annular","kind":"annular","width_ft":40}},{"type":"Feature","id":277,"geometry":{"type":"LineString","coordinates":[[-119.19518887525187,40.77767497606839],[-119.1953105289361,40.777517834576379],[-119.19543554800268,40.777362227087515],[-119.19556389896627,40.77720819525095],[-119.1956955474505,40.777055780293807],[-119.19583045819705,40.776905023010144],[-119.19596859507524,40.776755963750098],[-119.1961099210917,40.776608642409087],[-119.19625439840019,40.776463098417103],[-119.19640198831178,40.776319370728125],[-119.19655265130532,40.776177497809861],[-119.19670634703785,40.776037517633256],[-119.19686303435559,40.775899467662562],[-119.19702267130478,40.775763384845106],[-119.19718521514318,40.775629305601534],[-119.19735062235119,40.775497265816128],[-119.19751884864371,40.775367300827]]},"properties":{"OBJECTID":277,"name":"E","source":"annular","kind":"annular","width_ft":40}},{"type":"Feature","id":278,"geometry":{"type":"LineString","coordinates":[[-119.19518887525187,40.77767497606839],[-119.19367246565633,40.777009203123349]]},"properties":{"OBJECTID":278,"name":"2:30","source":"radial","kind":"avenue","width_ft":40}},{"type":"Feature","id":279,"geometry":{"type":"LineString","coordinates":[[-119.22491336710883,40.777884113604102],[-119.22584731189909,40.777589871829719]]},"properties":{"OBJECTID":279,"name":"6:45","source":"radial","kind":"path","width_ft":20}},{"type":"Feature","id":280,"geometry":{"type":"LineString","coordinates":[[-119.22384658854776,40.776240450149864],[-119.22401396967349,40.776465147639449],[-119.22417647761019,40.776693394377858],[-119.22433403712259,40.776925084695165],[-119.2244865752664,40.777160111327206],[-119.22463402142199,40.777398365465217],[-119.22477630732719,40.777639736806222],[-119.22491336710883,40.777884113604102]]},"properties":{"OBJECTID":280,"name":"H","source":"annular","kind":"annular","width_ft":30}},{"type":"Feature","id":281,"geometry":{"type":"LineString","coordinates":[[-119.19085482389008,40.777884116435864],[-119.19099188395548,40.777639739727604],[-119.19113417014026,40.777398368481009],[-119.19128161657119,40.777160114442076],[-119.191434154986,40.776925087913632],[-119.19159171476502,40.7766933977043],[-119.19175422296389,40.776465151078114],[-119.1919216043473,40.776240453704844]]},"properties":{"OBJECTID":281,"name":"H","source":"annular","kind":"annular","width_ft":30}},{"type":"Feature","id":282,"geometry":{"type":"LineString","coordinates":[[-119.19085482389008,40.777884116435864],[-119.18992087546147,40.777589873915666]]},"properties":{"OBJECTID":282,"name":"2:15","source":"radial","kind":"path","width_ft":40}},{"type":"Feature","id":283,"geometry":{"type":"LineString","coordinates":[[-119.21968822236448,40.778066189317371],[-119.22057931687191,40.777674973056705]]},"properties":{"OBJECTID":283,"name":"6:30","source":"radial","kind":"avenue","width_ft":40}},{"type":"Feature","id":284,"geometry":{"type":"LineString","coordinates":[[-119.21752181120422,40.775920493606733],[-119.21767822879788,40.776041336225703],[-119.21783202511675,40.776164107999755],[-119.21798315898441,40.776288776070324],[-119.21813158993638,40.776415307071147],[-119.21827727823097,40.776543667137211],[-119.21842018485977,40.776673821913739],[-119.21856027155829,40.7768057365654],[-119.21869750081599,40.776939375785666],[-119.21883183588656,40.777074703806214],[-119.21896324079762,40.777211684406481],[-119.21909168036035,40.7773502809234],[-119.21921712017904,40.777490456261134],[-119.21933952666014,40.7776321729011],[-119.21945886702146,40.777775392911877],[-119.21957510930076,40.777920077959422],[-119.21968822236448,40.778066189317371]]},"properties":{"OBJECTID":284,"name":"D","source":"annular","kind":"annular","width_ft":30}},{"type":"Feature","id":285,"geometry":{"type":"LineString","coordinates":[[-119.19607997224107,40.778066193081635],[-119.19619308485679,40.777920081514708],[-119.19630932669284,40.777775396252693],[-119.1964286666157,40.777632176022067],[-119.1965510726633,40.777490459156922],[-119.19667651205359,40.777350283588703],[-119.19680495119304,40.777211686836097],[-119.19693635568612,40.777074705994998],[-119.19707069034413,40.776939377728532],[-119.19720791919477,40.77680573825733],[-119.19734800549179,40.77667382334981],[-119.19749091172481,40.776543668312563],[-119.19763659962942,40.776415307980969],[-119.19778503019737,40.776288776709897],[-119.19793616368693,40.776164108364441],[-119.19808995963386,40.776041336310954],[-119.19824637686179,40.77592049340803]]},"properties":{"OBJECTID":285,"name":"D","source":"annular","kind":"annular","width_ft":30}},{"type":"Feature","id":286,"geometry":{"type":"LineString","coordinates":[[-119.19607997224107,40.778066193081635],[-119.19518887525187,40.77767497606839]]},"properties":{"OBJECTID":286,"name":"2:30","source":"radial","kind":"avenue","width_ft":40}},{"type":"Feature","id":287,"geometry":{"type":"LineString","coordinates":[[-119.21732021849961,40.77810752329372],[-119.21809682312464,40.77768271720889],[-119.21814082938548,40.777658645679352]]},"properties":{"OBJECTID":287,"name":"Route 66","source":"center_camp","kind":null,"width_ft":20}},{"type":"Feature","id":288,"geometry":{"type":"LineString","coordinates":[[-119.21609224774862,40.777007454833857],[-119.21627853733324,40.777151989062133],[-119.21646137091932,40.777300871002886],[-119.21664064706091,40.77745401804836],[-119.21681626628592,40.777611345224294],[-119.21698813115131,40.777772765237067],[-119.21715614629717,40.777938188522135],[-119.21732021849961,40.77810752329372]]},"properties":{"OBJECTID":288,"name":"B","source":"annular","kind":"annular","width_ft":30}},{"type":"Feature","id":289,"geometry":{"type":"LineString","coordinates":[[-119.19178877819363,40.778178350483245],[-119.19191831800943,40.777947376341565],[-119.19205279740517,40.777719242805844],[-119.19219215411979,40.777494055496945],[-119.19233632363419,40.777271918671723],[-119.19248523920098,40.777052935174694],[-119.1926388318755,40.776837206390489],[-119.19279703054765,40.776624832196838]]},"properties":{"OBJECTID":289,"name":"G","source":"annular","kind":"annular","width_ft":30}},{"type":"Feature","id":290,"geometry":{"type":"LineString","coordinates":[[-119.19178877819363,40.778178350483245],[-119.19085482389008,40.777884116435864]]},"properties":{"OBJECTID":290,"name":"2:15","source":"radial","kind":"path","width_ft":40}},{"type":"Feature","id":291,"geometry":{"type":"LineString","coordinates":[[-119.22397941052114,40.778178348707563],[-119.22491336710883,40.777884113604102]]},"properties":{"OBJECTID":291,"name":"6:45","source":"radial","kind":"path","width_ft":20}},{"type":"Feature","id":292,"geometry":{"type":"LineString","coordinates":[[-119.22297115416696,40.776624832390453],[-119.22312935337489,40.776837206278017],[-119.22328294659722,40.777052934763766],[-119.2234318627238,40.777271917970332],[-119.22357603280986,40.777494054513468],[-119.22371539010791,40.777719241549036],[-119.22384987009873,40.77794737482057],[-119.22397941052114,40.778178348707563]]},"properties":{"OBJECTID":292,"name":"G","source":"annular","kind":"annular","width_ft":30}},{"type":"Feature","id":293,"geometry":{"type":"LineString","coordinates":[[-119.21537744203069,40.777550933684282],[-119.21429007998785,40.778377647822438]]},"properties":{"OBJECTID":293,"name":"6:00","source":"radial","kind":"avenue","width_ft":40}},{"type":"Feature","id":294,"geometry":{"type":"LineString","coordinates":[[-119.21405459199548,40.776698075167872],[-119.21401523241622,40.776746671417207],[-119.21397862148297,40.776796493782427],[-119.21394482518065,40.776847452475735],[-119.21391390442218,40.776899455661258],[-119.2138859149388,40.776952409620584],[-119.21386090717927,40.777006218921571],[-119.21383892621928,40.777060786590425],[-119.21382001167991,40.777116014286378],[-119.21380419765637,40.777171802479003],[-119.21379151265624,40.777228050627357],[-119.2137819795483,40.777284657361463],[-119.21377561552117,40.77734152066477],[-119.21377243205221,40.777398538058101],[-119.21377243488685,40.777455606784336],[-119.21377562402814,40.77751262399353],[-119.21378199373676,40.777569486928378],[-119.21379153254115,40.777626093109326],[-119.21380422325834,40.777682340519299],[-119.21382004302461,40.777738127787522],[-119.21383896333695,40.777793354372307],[-119.21386095010398,40.777847920742161],[-119.21388596370777,40.777901728555236],[-119.21391395907476,40.777954680836508],[-119.21394488575739,40.778006682152686],[-119.2139786880246,40.778057638784084],[-119.21401530496239,40.778107458893608],[-119.21405467058364,40.778156052692268],[-119.21409671394682,40.778203332601016],[-119.21414135928393,40.778249213408635],[-119.21418852613705,40.778293612425252],[-119.21423812950326,40.778336449631432],[-119.21429007998785,40.778377647822438]]},"properties":{"OBJECTID":294,"name":"Route 66","source":"center_camp","kind":null,"width_ft":20}},{"type":"Feature","id":295,"geometry":{"type":"LineString","coordinates":[[-119.20150126730458,40.778395254011599],[-119.20169561450128,40.778252690299041],[-119.20189363293728,40.778115271435681],[-119.20209518645109,40.777983091913534],[-119.20230013645042,40.777856242621915],[-119.20250834200746,40.777734810784992],[-119.20271965995585,40.777618879901745],[-119.20293394498908,40.777508529688618],[-119.20315104976041,40.777403836024654],[-119.20337082498416,40.77730487089935]]},"properties":{"OBJECTID":295,"name":"ESP","source":"annular","kind":"annular","width_ft":40}},{"type":"Feature","id":296,"geometry":{"type":"LineString","coordinates":[[-119.20150126730458,40.778395254011599],[-119.20039074887349,40.777550934930332]]},"properties":{"OBJECTID":296,"name":"3:00","source":"radial","kind":"avenue","width_ft":40}},{"type":"Feature","id":297,"geometry":{"type":"LineString","coordinates":[[-119.21881274596528,40.778450537195177],[-119.21968822236448,40.778066189317371]]},"properties":{"OBJECTID":297,"name":"6:30","source":"radial","kind":"avenue","width_ft":40}},{"type":"Feature","id":298,"geometry":{"type":"LineString","coordinates":[[-119.21814082938548,40.777658645679352],[-119.21831665106862,40.777849843654096],[-119.21848732430469,40.778045651152148],[-119.21865272829375,40.778245929583875],[-119.21881274596528,40.778450537195177]]},"properties":{"OBJECTID":298,"name":"C","source":"annular","kind":"annular","width_ft":30}},{"type":"Feature","id":299,"geometry":{"type":"LineString","coordinates":[[-119.19695544519749,40.778450539012532],[-119.19706016711697,40.778315264203066],[-119.19716778622167,40.778181309895935],[-119.19727827368847,40.778048711946063],[-119.19739159992702,40.777917505844975],[-119.1975077345876,40.777787726711544],[-119.1976266465694,40.777659409282478],[-119.19774830402875,40.777532587902996],[-119.19787267438771,40.777407296517801],[-119.19799972434282,40.77728356866178],[-119.19812941987387,40.777161437451227],[-119.19826172625324,40.777040935574874],[-119.19839660805494,40.776922095285215],[-119.19853402916443,40.776804948389795],[-119.19867395278796,40.776689526242777],[-119.19881634146272,40.776575859736589],[-119.19896115706653,40.776463979293538]]},"properties":{"OBJECTID":299,"name":"C","source":"annular","kind":"annular","width_ft":30}},{"type":"Feature","id":300,"geometry":{"type":"LineString","coordinates":[[-119.19695544519749,40.778450539012532],[-119.19607997224107,40.778066193081635]]},"properties":{"OBJECTID":300,"name":"2:30","source":"radial","kind":"avenue","width_ft":40}},{"type":"Feature","id":301,"geometry":{"type":"LineString","coordinates":[[-119.22304545635058,40.778472573535964],[-119.22397941052114,40.778178348707563]]},"properties":{"OBJECTID":301,"name":"6:45","source":"radial","kind":"path","width_ft":20}},{"type":"Feature","id":302,"geometry":{"type":"LineString","coordinates":[[-119.22209572509125,40.777009200760226],[-119.22224474200978,40.777209251580359],[-119.2223894201323,40.777412462341658],[-119.22252969247388,40.777618738958928],[-119.22266549408937,40.777827985927544],[-119.22279676210357,40.778040106367605],[-119.22292343574031,40.778255002068818],[-119.22304545635058,40.778472573535964]]},"properties":{"OBJECTID":302,"name":"F","source":"annular","kind":"annular","width_ft":30}},{"type":"Feature","id":303,"geometry":{"type":"LineString","coordinates":[[-119.19272273481796,40.778472576057183],[-119.19284475536448,40.778255004570028],[-119.19297142893865,40.778040108847875],[-119.1931026968915,40.777827988385994],[-119.19323849844685,40.777618741394711],[-119.19337877072948,40.777412464753965],[-119.19352344879429,40.777209253968437],[-119.19367246565633,40.777009203123349]]},"properties":{"OBJECTID":303,"name":"F","source":"annular","kind":"annular","width_ft":30}},{"type":"Feature","id":304,"geometry":{"type":"LineString","coordinates":[[-119.19272273481796,40.778472576057183],[-119.19178877819363,40.778178350483245]]},"properties":{"OBJECTID":304,"name":"2:15","source":"radial","kind":"path","width_ft":40}},{"type":"Feature","id":305,"geometry":{"type":"LineString","coordinates":[[-119.21649959656584,40.778556395939376],[-119.21732021849961,40.77810752329372]]},"properties":{"OBJECTID":305,"name":"Route 66","source":"center_camp","kind":null,"width_ft":20}},{"type":"Feature","id":306,"geometry":{"type":"LineString","coordinates":[[-119.21537744203069,40.777550933684282],[-119.21557576221889,40.777705430375697],[-119.21576975700832,40.777865324548145],[-119.21595927954682,40.778030495163293],[-119.21614418636767,40.778200817188619],[-119.21632433749822,40.778376161692002],[-119.21649959656584,40.778556395939376]]},"properties":{"OBJECTID":306,"name":"A","source":"annular","kind":"annular","width_ft":30}},{"type":"Feature","id":307,"geometry":{"type":"LineString","coordinates":[[-119.21429007998785,40.778377647822438],[-119.21434428378585,40.778417132941719],[-119.21440064340179,40.778454833636154],[-119.21445905726254,40.778490681957962],[-119.2145194200921,40.77852461329779],[-119.21458162310138,40.778556566501202],[-119.2146455541842,40.778586483978835],[-119.21471109811941,40.778614311810244],[-119.21477813677851,40.778639999841147],[-119.21484654933867,40.778663501773728],[-119.21491621250046,40.778684775250198],[-119.21498700071004,40.778703781929075],[-119.21505878638554,40.778720487554317],[-119.21513144014712,40.778734862017124],[-119.21520483104999,40.778746879410107],[-119.21527882682059,40.778756518074118],[-119.21535329409508,40.778763760637219],[-119.21542809865961,40.778768594045971],[-119.21550310569222,40.778771009589015],[-119.21557818000612,40.778771002912769],[-119.21565318629318,40.778768574029264],[-119.21572798936791,40.778763727316168],[-119.21580245441106,40.778756471508757],[-119.21587644721285,40.778746819684358],[-119.21594983441473,40.778734789238641],[-119.21602248374981,40.778720401854279],[-119.21609426428131,40.778703683461956],[-119.21616504663865,40.778684664193484],[-119.21623470325052,40.778663378327586],[-119.21630310857488,40.778639864228062],[-119.21637013932535,40.77861416427465],[-119.21643567469334,40.778586324786666],[-119.21649959656584,40.778556395939376]]},"properties":{"OBJECTID":307,"name":"Route 66","source":"center_camp","kind":null,"width_ft":20}},{"type":"Feature","id":308,"geometry":{"type":"LineString","coordinates":[[-119.21793725947329,40.778834878406833],[-119.21881274596528,40.778450537195177]]},"properties":{"OBJECTID":308,"name":"6:30","source":"radial","kind":"avenue","width_ft":40}},{"type":"Feature","id":309,"geometry":{"type":"LineString","coordinates":[[-119.21732021849961,40.77810752329372],[-119.2174816714216,40.778283149898861],[-119.21763840238899,40.778463003045381],[-119.21779030080256,40.778646955817585],[-119.21793725947329,40.778834878406833]]},"properties":{"OBJECTID":309,"name":"B","source":"annular","kind":"annular","width_ft":30}},{"type":"Feature","id":310,"geometry":{"type":"LineString","coordinates":[[-119.19783093298479,40.77883488007874],[-119.19792726391687,40.77871044197046],[-119.19802625999176,40.778587218558165],[-119.19812789469655,40.778465242824957],[-119.19823214081262,40.778344547419877],[-119.19833897042268,40.778225164649072],[-119.19844835491847,40.778107126467106],[-119.19856026500828,40.777990464468594],[-119.1986746707249,40.777875209879497],[-119.19879154143362,40.777761393549042],[-119.19891084584043,40.777649045941246],[-119.1990325520004,40.77753819712688],[-119.19915662732618,40.777428876775417],[-119.19928303859687,40.777321114147043],[-119.19941175196679,40.777214938084924],[-119.19954273297461,40.777110377007418],[-119.19967594655256,40.777007458900485]]},"properties":{"OBJECTID":310,"name":"B","source":"annular","kind":"annular","width_ft":30}},{"type":"Feature","id":311,"geometry":{"type":"LineString","coordinates":[[-119.19783093298479,40.77883488007874],[-119.19695544519749,40.778450539012532]]},"properties":{"OBJECTID":311,"name":"2:30","source":"radial","kind":"avenue","width_ft":40}},{"type":"Feature","id":312,"geometry":{"type":"LineString","coordinates":[[-119.21429007998785,40.778377647822438],[-119.21355895632217,40.778933498938194]]},"properties":{"OBJECTID":312,"name":"6:00","source":"radial","kind":"avenue","width_ft":40}},{"type":"Feature","id":313,"geometry":{"type":"LineString","coordinates":[[-119.21355895632217,40.778933498938194],[-119.2134659911999,40.778859363047481],[-119.21337781365935,40.778781921140826],[-119.21329462688726,40.778701351681697],[-119.21321662256702,40.778617840340317],[-119.21314398043725,40.778531579565694],[-119.21307686787759,40.778442768142064],[-119.21301543952315,40.778351610730709],[-119.21295983690824,40.778258317398333],[-119.21291018814057,40.778163103132748],[-119.21286660760602,40.778066187347612],[-119.21282919570538,40.777967793376611],[-119.21279803862319,40.77786814795877],[-119.21277320812932,40.777767480715958],[-119.21275476141393,40.777666023623674],[-119.21274274095582,40.777564010476517],[-119.21273717442497,40.777461676349333]]},"properties":{"OBJECTID":313,"name":"Rods Road","source":"center_camp","kind":"center_camp","width_ft":40}},{"type":"Feature","id":314,"geometry":{"type":"LineString","coordinates":[[-119.22708144841053,40.777201038572684],[-119.22722535712904,40.777471588761031],[-119.2273630427009,40.777745358384941],[-119.22749443314751,40.778022204324436],[-119.22761945978121,40.778301981851314],[-119.22773805724115,40.778584544704799],[-119.22785016352752,40.778869745168038],[-119.22795572003393,40.77915743414529]]},"properties":{"OBJECTID":314,"name":"K","source":"annular","kind":"annular","width_ft":50}},{"type":"Feature","id":315,"geometry":{"type":"LineString","coordinates":[[-119.18781247133086,40.77915743748315],[-119.18791802775367,40.778869748489882],[-119.18803013395745,40.778584548008958],[-119.18814873133586,40.778301985136167],[-119.18827375788908,40.778022207588407],[-119.18840514825634,40.777745361626479],[-119.18854283374999,40.777471591978625],[-119.18868674239144,40.777201041764876]]},"properties":{"OBJECTID":315,"name":"K","source":"annular","kind":"annular","width_ft":50}},{"type":"Feature","id":316,"geometry":{"type":"LineString","coordinates":[[-119.21706176762646,40.779219209349698],[-119.21793725947329,40.778834878406833]]},"properties":{"OBJECTID":316,"name":"6:30","source":"radial","kind":"avenue","width_ft":40}},{"type":"Feature","id":317,"geometry":{"type":"LineString","coordinates":[[-119.21649959656584,40.778556395939376],[-119.21664668207073,40.778716449811739],[-119.21678947216694,40.778880347268192],[-119.21692786645505,40.779047973068195],[-119.21706176762646,40.779219209349698]]},"properties":{"OBJECTID":317,"name":"A","source":"annular","kind":"annular","width_ft":30}},{"type":"Feature","id":318,"geometry":{"type":"LineString","coordinates":[[-119.19870642612666,40.779219212677084],[-119.19879436664966,40.779105611527626],[-119.19888474025937,40.778993119274944],[-119.19897752275308,40.778881766030338],[-119.19907268928335,40.778771581600061],[-119.19917021436515,40.778662595477364],[-119.19927007188242,40.778554836834594],[-119.1993722350953,40.778448334515424],[-119.19947667664704,40.778343117027099],[-119.19958336857145,40.77823921253281],[-119.19969228230048,40.778136648844189],[-119.1998033886717,40.778035453413878],[-119.19991665793621,40.777935653328093],[-119.20003205976668,40.777837275299539],[-119.20014956326528,40.777740345660078],[-119.20026913697207,40.777644890353891],[-119.20039074887349,40.777550934930332]]},"properties":{"OBJECTID":318,"name":"A","source":"annular","kind":"annular","width_ft":30}},{"type":"Feature","id":319,"geometry":{"type":"LineString","coordinates":[[-119.19870642612666,40.779219212677084],[-119.19783093298479,40.77883488007874]]},"properties":{"OBJECTID":319,"name":"2:30","source":"radial","kind":"avenue","width_ft":40}},{"type":"Feature","id":320,"geometry":{"type":"LineString","coordinates":[[-119.22729308862635,40.779292523230232],[-119.22795572003393,40.77915743414529]]},"properties":{"OBJECTID":320,"name":"7:00","source":"radial","kind":"avenue","width_ft":40}},{"type":"Feature","id":321,"geometry":{"type":"LineString","coordinates":[[-119.22644769851023,40.7774007134988],[-119.22658685381893,40.777662332205807],[-119.22671999136276,40.777927064036582],[-119.2268470415393,40.77819477059316],[-119.22696793792861,40.778465311922446],[-119.22708261732778,40.778738546589359],[-119.22719101978412,40.77901433175078],[-119.22729308862635,40.779292523230232]]},"properties":{"OBJECTID":321,"name":"J","source":"annular","kind":"annular","width_ft":30}},{"type":"Feature","id":322,"geometry":{"type":"LineString","coordinates":[[-119.21706176762646,40.779219209349698],[-119.21694662068157,40.77927257378775],[-119.21682940045638,40.779321215343785]]},"properties":{"OBJECTID":322,"name":"Rods Road","source":"center_camp","kind":"center_camp","width_ft":40}},{"type":"Feature","id":323,"geometry":{"type":"LineString","coordinates":[[-119.21682940045638,40.779321215343785],[-119.21706176762646,40.779219209349698]]},"properties":{"OBJECTID":323,"name":"6:30","source":"radial","kind":"avenue","width_ft":40}},{"type":"Feature","id":324,"geometry":{"type":"LineString","coordinates":[[-119.18910284110048,40.77942049742137],[-119.18920160667014,40.779151303474201],[-119.18930650105898,40.778884437990982],[-119.18941746942878,40.778620040487503],[-119.1895344537659,40.778358249189303],[-119.18965739291158,40.778099200959424],[-119.18978622259391,40.777843031226844],[-119.18992087546147,40.777589873915666]]},"properties":{"OBJECTID":324,"name":"I","source":"annular","kind":"annular","width_ft":30}},{"type":"Feature","id":325,"geometry":{"type":"LineString","coordinates":[[-119.18910284110048,40.77942049742137],[-119.18781247133086,40.77915743748315]]},"properties":{"OBJECTID":325,"name":"2:00","source":"radial","kind":"avenue","width_ft":40}},{"type":"Feature","id":326,"geometry":{"type":"LineString","coordinates":[[-119.22666534441767,40.779420496100016],[-119.22729308862635,40.779292523230232]]},"properties":{"OBJECTID":326,"name":"7:00","source":"radial","kind":"avenue","width_ft":40}},{"type":"Feature","id":327,"geometry":{"type":"LineString","coordinates":[[-119.22584731189909,40.777589871829719],[-119.22598196452402,40.777843029261746],[-119.22611079395682,40.778099199111736],[-119.22623373284607,40.778358247455309],[-119.22635071691988,40.778620038863245],[-119.22646168501957,40.778884436472246],[-119.22656657913156,40.779151302056519],[-119.22666534441767,40.779420496100016]]},"properties":{"OBJECTID":327,"name":"I","source":"annular","kind":"annular","width_ft":30}},{"type":"Feature","id":328,"geometry":{"type":"LineString","coordinates":[[-119.21549527273054,40.779557992704895],[-119.21536064924737,40.77955377559946],[-119.21522644713704,40.779544652190651],[-119.2150929756757,40.77953064350384],[-119.21496054245513,40.779511781822841],[-119.21482945267384,40.779488110615326],[-119.21470000843335,40.779459684432766],[-119.21457250804198,40.779426568784572],[-119.21444724532711,40.779388839987249],[-119.21432450895782,40.779346584988282],[-119.21420458177973,40.779299901165778],[-119.21408774016277,40.779248896104079],[-119.21397425336438,40.779193687345696],[-119.21386438290881,40.779134402120306],[-119.21375838198438,40.779071177051598],[-119.21365649486,40.779004157842266],[-119.21355895632217,40.778933498938194]]},"properties":{"OBJECTID":328,"name":"Rods Road","source":"center_camp","kind":"center_camp","width_ft":40}},{"type":"Feature","id":329,"geometry":{"type":"LineString","coordinates":[[-119.21682940045638,40.779321215343785],[-119.21668695701048,40.779372750378457],[-119.21654243565389,40.779418132892381],[-119.21639610199475,40.779457279479452],[-119.21624822497189,40.779490118194232],[-119.21609907636063,40.779516588684203],[-119.2159489302733,40.779536642300656],[-119.21579806265537,40.779550242188108],[-119.21564675077843,40.779557363352062],[-119.21549527273054,40.779557992704895]]},"properties":{"OBJECTID":329,"name":"Rods Road","source":"center_camp","kind":"center_camp","width_ft":40}},{"type":"Feature","id":330,"geometry":{"type":"LineString","coordinates":[[-119.19007934378513,40.779619559576766],[-119.1901729708452,40.779364362062751],[-119.19027240814188,40.779111371901756],[-119.19037760368853,40.778860721359166],[-119.19048850248801,40.778612541477209],[-119.19060504656152,40.77836696200643],[-119.19072717497879,40.778124111337853],[-119.19085482389008,40.777884116435864]]},"properties":{"OBJECTID":330,"name":"H","source":"annular","kind":"annular","width_ft":30}},{"type":"Feature","id":331,"geometry":{"type":"LineString","coordinates":[[-119.19007934378513,40.779619559576766],[-119.18910284110048,40.77942049742137]]},"properties":{"OBJECTID":331,"name":"2:00","source":"radial","kind":"avenue","width_ft":40}},{"type":"Feature","id":332,"geometry":{"type":"LineString","coordinates":[[-119.22568884652891,40.779619558417025],[-119.22666534441767,40.779420496100016]]},"properties":{"OBJECTID":332,"name":"7:00","source":"radial","kind":"avenue","width_ft":40}},{"type":"Feature","id":333,"geometry":{"type":"LineString","coordinates":[[-119.22491336710883,40.777884113604102],[-119.22504101595713,40.778124108742304],[-119.22516314429996,40.778366959648658],[-119.22527968828743,40.778612539358363],[-119.22539058698922,40.778860719479994],[-119.22549578242645,40.779111370262605],[-119.22559521960191,40.77936436066355],[-119.22568884652891,40.779619558417025]]},"properties":{"OBJECTID":333,"name":"H","source":"annular","kind":"annular","width_ft":30}},{"type":"Feature","id":334,"geometry":{"type":"LineString","coordinates":[[-119.21570160438434,40.779816285895009],[-119.21682940045638,40.779321215343785]]},"properties":{"OBJECTID":334,"name":"6:30","source":"radial","kind":"avenue","width_ft":40}},{"type":"Feature","id":335,"geometry":{"type":"LineString","coordinates":[[-119.21549527273054,40.779557992704895],[-119.21560000149981,40.7796858907789],[-119.21570160438434,40.779816285895009]]},"properties":{"OBJECTID":335,"name":"ESP","source":"annular","kind":"annular","width_ft":40}},{"type":"Feature","id":336,"geometry":{"type":"LineString","coordinates":[[-119.20006658717176,40.779816287195075],[-119.20014149289523,40.7797195222619],[-119.2002184711682,40.779623701862306],[-119.2002975013762,40.779528851645679],[-119.20037856235568,40.779434997001594],[-119.20046163239982,40.779342163052988],[-119.20054668926424,40.779250374649486],[-119.20063371017308,40.779159656360768],[-119.20072267182499,40.779070032469946],[-119.20081355039946,40.778981526967122],[-119.20090632156307,40.778894163542901],[-119.20100096047622,40.778807965582104],[-119.20109744179953,40.778722956157523],[-119.20119573970089,40.77863915802368],[-119.2012958278622,40.778556593610844],[-119.20139767948632,40.778475285018921],[-119.20150126730458,40.778395254011599]]},"properties":{"OBJECTID":336,"name":"ESP","source":"annular","kind":"annular","width_ft":40}},{"type":"Feature","id":337,"geometry":{"type":"LineString","coordinates":[[-119.20006658717176,40.779816287195075],[-119.19870642612666,40.779219212677084]]},"properties":{"OBJECTID":337,"name":"2:30","source":"radial","kind":"avenue","width_ft":40}},{"type":"Feature","id":338,"geometry":{"type":"LineString","coordinates":[[-119.1910558511178,40.779818614363769],[-119.19114433984079,40.779577413116662],[-119.19123832021884,40.779338298114531],[-119.19133774311679,40.779101394372333],[-119.19144255655398,40.778866825748928],[-119.19155270573151,40.778634714882322],[-119.19166813306076,40.778405183125564],[-119.19178877819363,40.778178350483245]]},"properties":{"OBJECTID":338,"name":"G","source":"annular","kind":"annular","width_ft":30}},{"type":"Feature","id":339,"geometry":{"type":"LineString","coordinates":[[-119.1910558511178,40.779818614363769],[-119.19007934378513,40.779619559576766]]},"properties":{"OBJECTID":339,"name":"2:00","source":"radial","kind":"avenue","width_ft":40}},{"type":"Feature","id":340,"geometry":{"type":"LineString","coordinates":[[-119.22471233214615,40.779818614267889],[-119.22568884652891,40.779619558417025]]},"properties":{"OBJECTID":340,"name":"7:00","source":"radial","kind":"avenue","width_ft":40}},{"type":"Feature","id":341,"geometry":{"type":"LineString","coordinates":[[-119.22397941052114,40.778178348707563],[-119.22410005491463,40.778405181632195],[-119.224215481491,40.778634713657944],[-119.22432562990237,40.778866824779726],[-119.22443044256036,40.779101393644027],[-119.22452986466632,40.779338297612384],[-119.22462384423987,40.779577412825482],[-119.22471233214615,40.779818614267889]]},"properties":{"OBJECTID":341,"name":"G","source":"annular","kind":"annular","width_ft":30}},{"type":"Feature","id":342,"geometry":{"type":"LineString","coordinates":[[-119.19203236546782,40.780017659981517],[-119.19211571521642,40.779790455157041],[-119.19220423802643,40.779565215451484],[-119.19229788761473,40.779342058628899],[-119.19239661501766,40.779121101364325],[-119.19250036861669,40.778902459182802],[-119.19260909416545,40.778686246398948],[-119.19272273481796,40.778472576057183]]},"properties":{"OBJECTID":342,"name":"F","source":"annular","kind":"annular","width_ft":30}},{"type":"Feature","id":343,"geometry":{"type":"LineString","coordinates":[[-119.19203236546782,40.780017659981517],[-119.1910558511178,40.779818614363769]]},"properties":{"OBJECTID":343,"name":"2:00","source":"radial","kind":"avenue","width_ft":40}},{"type":"Feature","id":344,"geometry":{"type":"LineString","coordinates":[[-119.22373582259182,40.780017659146786],[-119.22471233214615,40.779818614267889]]},"properties":{"OBJECTID":344,"name":"7:00","source":"radial","kind":"avenue","width_ft":40}},{"type":"Feature","id":345,"geometry":{"type":"LineString","coordinates":[[-119.22304545635058,40.778472573535964],[-119.22315909659528,40.778686244139344],[-119.22326782172397,40.778902457178624],[-119.22337157489076,40.779121099608957],[-119.22347030184937,40.779342057115308],[-119.22356395098134,40.779565214172202],[-119.22365247332317,40.779790454104194],[-119.22373582259182,40.780017659146786]]},"properties":{"OBJECTID":345,"name":"F","source":"annular","kind":"annular","width_ft":30}},{"type":"Feature","id":346,"geometry":{"type":"LineString","coordinates":[[-119.19372384128559,40.780362416663785],[-119.19378785443449,40.780186695541715],[-119.19385564096397,40.780011794048875],[-119.19392718269887,40.779837759004018],[-119.19400246045927,40.779664636993651],[-119.19408145406575,40.779492474359486],[-119.19416414234458,40.779321317186067],[-119.19425050313352,40.779151211288465],[-119.19434051328801,40.77898220219997],[-119.19443414868695,40.778814335159979],[-119.19453138423957,40.778647655101864],[-119.19463219389196,40.778482206640867],[-119.19473655063415,40.778318034062309],[-119.19484442650733,40.778155181309707],[-119.1949557926114,40.777993691972895],[-119.19507061911264,40.777833609276506],[-119.19518887525187,40.77767497606839]]},"properties":{"OBJECTID":346,"name":"E","source":"annular","kind":"annular","width_ft":40}},{"type":"Feature","id":347,"geometry":{"type":"LineString","coordinates":[[-119.19372384128559,40.780362416663785],[-119.19203236546782,40.780017659981517]]},"properties":{"OBJECTID":347,"name":"2:00","source":"radial","kind":"avenue","width_ft":40}},{"type":"Feature","id":348,"geometry":{"type":"LineString","coordinates":[[-119.22204434687346,40.780362416110279],[-119.22373582259182,40.780017659146786]]},"properties":{"OBJECTID":348,"name":"7:00","source":"radial","kind":"avenue","width_ft":40}},{"type":"Feature","id":349,"geometry":{"type":"LineString","coordinates":[[-119.22057931687191,40.777674973056705],[-119.22069757280296,40.777833606435621],[-119.2208123990906,40.777993689300914],[-119.22092376497567,40.77815517880466],[-119.22103164062445,40.778318031722165],[-119.22113599713688,40.778482204463479],[-119.2212368065542,40.778647653084981],[-119.22133404186646,40.778814333301327],[-119.22142767701979,40.778982200497133],[-119.22151768692343,40.779151209738934],[-119.22160404745638,40.779321315787271],[-119.22168673547409,40.779492473108753],[-119.22176572881435,40.77966463588821],[-119.22184100630356,40.779837758041047],[-119.22191254776222,40.780011793225398],[-119.22198033401055,40.780186694854784],[-119.22204434687346,40.780362416110279]]},"properties":{"OBJECTID":349,"name":"E","source":"annular","kind":"annular","width_ft":40}},{"type":"Feature","id":350,"geometry":{"type":"LineString","coordinates":[[-119.19471780881678,40.780564994142836],[-119.19477732617787,40.780401607629571],[-119.19484035208399,40.780238983182493],[-119.19490686963825,40.780077164334365],[-119.19497686100938,40.779916194402013],[-119.1950503074367,40.779756116474751],[-119.19512718923507,40.779596973402768],[-119.19520748580013,40.779438807785709],[-119.19529117561402,40.779281661961249],[-119.19537823625095,40.77912557799386],[-119.19546864438337,40.77897059766341],[-119.19556237578813,40.778816762454142],[-119.19565940535317,40.778664113543414],[-119.19575970708404,40.778512691790844],[-119.19586325411096,40.778362537727254],[-119.19597001869614,40.778213691543868],[-119.19607997224107,40.778066193081635]]},"properties":{"OBJECTID":350,"name":"D","source":"annular","kind":"annular","width_ft":30}},{"type":"Feature","id":351,"geometry":{"type":"LineString","coordinates":[[-119.19471780881678,40.780564994142836],[-119.19372384128559,40.780362416663785]]},"properties":{"OBJECTID":351,"name":"2:00","source":"radial","kind":"avenue","width_ft":40}},{"type":"Feature","id":352,"geometry":{"type":"LineString","coordinates":[[-119.22105037821603,40.780564993754695],[-119.22204434687346,40.780362416110279]]},"properties":{"OBJECTID":352,"name":"7:00","source":"radial","kind":"avenue","width_ft":40}},{"type":"Feature","id":353,"geometry":{"type":"LineString","coordinates":[[-119.21968822236448,40.778066189317371],[-119.2197981754823,40.778213688029993],[-119.21990493963371,40.778362534458914],[-119.22000848622037,40.778512688763193],[-119.22010878750453,40.778664110751421],[-119.22020581661651,40.778816759892706],[-119.22029954756201,40.77897059532733],[-119.22038995522898,40.779125575877849],[-119.22047701539444,40.779281660059944],[-119.2205607047309,40.779438806093616],[-119.22064100081278,40.779596971914359],[-119.2207178821222,40.779756115184355],[-119.22079132805504,40.779916193303876],[-119.22086131892618,40.780077163422661],[-119.22092783597508,40.780238982451323],[-119.22099086137065,40.780401607072967],[-119.22105037821603,40.780564993754695]]},"properties":{"OBJECTID":353,"name":"D","source":"annular","kind":"annular","width_ft":30}},{"type":"Feature","id":354,"geometry":{"type":"LineString","coordinates":[[-119.19569434503576,40.780764009651051],[-119.19574944568359,40.780612741354545],[-119.19580779468286,40.78046217857365],[-119.1958693763921,40.780312361612729],[-119.1959341743048,40.78016333057635],[-119.19600217105382,40.780015125358311],[-119.19607334841616,40.779867785631168],[-119.19614768731773,40.779721350835466],[-119.19622516783858,40.779575860169359],[-119.19630576921813,40.77943135257793],[-119.1963894698609,40.779287866742898],[-119.19647624734225,40.779145441072231],[-119.19656607841424,40.779004113689858],[-119.19665893901218,40.778863922425522],[-119.19675480426086,40.778724904804591],[-119.19685364848125,40.778587098038031],[-119.19695544519749,40.778450539012532]]},"properties":{"OBJECTID":354,"name":"C","source":"annular","kind":"annular","width_ft":30}},{"type":"Feature","id":355,"geometry":{"type":"LineString","coordinates":[[-119.19569434503576,40.780764009651051],[-119.19471780881678,40.780564994142836]]},"properties":{"OBJECTID":355,"name":"2:00","source":"radial","kind":"avenue","width_ft":40}},{"type":"Feature","id":356,"geometry":{"type":"LineString","coordinates":[[-119.22007384205423,40.780764008524791],[-119.22105037821603,40.780564993754695]]},"properties":{"OBJECTID":356,"name":"7:00","source":"radial","kind":"avenue","width_ft":40}},{"type":"Feature","id":357,"geometry":{"type":"LineString","coordinates":[[-119.21881274596528,40.778450537195177],[-119.21891454243405,40.778587096287843],[-119.21901338640575,40.778724903118416],[-119.21910925140448,40.778863920800212],[-119.21920211175134,40.779004112122237],[-119.21929194257123,40.779145439559095],[-119.21937871979942,40.779287865281056],[-119.21946242018814,40.779431351164206],[-119.2195430213128,40.77957585880052],[-119.21962050157796,40.7797213495083],[-119.21969484022316,40.779867784342436],[-119.21976601732848,40.78001512410475],[-119.21983401381991,40.78016332935475],[-119.21989881147449,40.780312360419856],[-119.2199603929252,40.780462177406221],[-119.22001874166558,40.780612740209328],[-119.22007384205423,40.780764008524791]]},"properties":{"OBJECTID":357,"name":"C","source":"annular","kind":"annular","width_ft":30}},{"type":"Feature","id":358,"geometry":{"type":"LineString","coordinates":[[-119.19667088708592,40.780963015989002],[-119.19672157167643,40.780823866125218],[-119.19677524441411,40.780685365234284],[-119.19683189091255,40.780547550392093],[-119.19689149598952,40.780410458490678],[-119.19695404367113,40.780274126228257],[-119.19701951719601,40.78013859009959],[-119.19708789902,40.780003886385998],[-119.19715917082067,40.779870051145799],[-119.19723331350235,40.779737120204636],[-119.19731030720129,40.779605129145857],[-119.19739013129083,40.779474113300985],[-119.1974727643871,40.779344107740336],[-119.19755818435469,40.779215147263585],[-119.19764636831268,40.77908726639042],[-119.19773729264054,40.778960499351399],[-119.19783093298479,40.77883488007874]]},"properties":{"OBJECTID":358,"name":"B","source":"annular","kind":"annular","width_ft":30}},{"type":"Feature","id":359,"geometry":{"type":"LineString","coordinates":[[-119.19667088708592,40.780963015989002],[-119.19569434503576,40.780764009651051]]},"properties":{"OBJECTID":359,"name":"2:00","source":"radial","kind":"avenue","width_ft":40}},{"type":"Feature","id":360,"geometry":{"type":"LineString","coordinates":[[-119.21909730124609,40.780963015024973],[-119.22007384205423,40.780764008524791]]},"properties":{"OBJECTID":360,"name":"7:00","source":"radial","kind":"avenue","width_ft":40}},{"type":"Feature","id":361,"geometry":{"type":"LineString","coordinates":[[-119.21793725947329,40.778834878406833],[-119.21803089956683,40.778960497748066],[-119.21812182364272,40.779087264852457],[-119.21821000734742,40.779215145787781],[-119.2182954270607,40.779344106323471],[-119.21837805990151,40.779474111939827],[-119.21845788373459,40.779605127837165],[-119.21853487717614,40.779737118945164],[-119.2186090195996,40.779870049932285],[-119.21868029114127,40.780003885215166],[-119.2187486727055,40.780138588968192],[-119.21881414597001,40.780274125132983],[-119.21887669339064,40.780410457428232],[-119.21893629820616,40.780547549359206],[-119.2189929444427,40.780685364227651],[-119.21904661691812,40.780823865141549],[-119.21909730124609,40.780963015024973]]},"properties":{"OBJECTID":361,"name":"B","source":"annular","kind":"annular","width_ft":30}},{"type":"Feature","id":362,"geometry":{"type":"LineString","coordinates":[[-119.21812075460724,40.78116201325529],[-119.21909730124609,40.780963015024973]]},"properties":{"OBJECTID":362,"name":"7:00","source":"radial","kind":"avenue","width_ft":40}},{"type":"Feature","id":363,"geometry":{"type":"LineString","coordinates":[[-119.21706176762646,40.779219209349698],[-119.21714725129128,40.779333889064795],[-119.217230255422,40.779449616568151],[-119.21731075778732,40.779566360881986],[-119.21738873682523,40.77968409075627],[-119.21746417164887,40.779802774676938],[-119.21753704205204,40.779922380874403],[-119.21760732851473,40.780042877332022],[-119.21767501220828,40.780164231794707],[-119.21774007500039,40.780286411777467],[-119.21780249946016,40.780409384574156],[-119.21786226886258,40.780533117266266],[-119.21791936719308,40.780657576731642],[-119.21797377915195,40.780782729653446],[-119.21802549015823,40.780908542528977],[-119.21807448635386,40.781034981678737],[-119.21812075460724,40.78116201325529]]},"properties":{"OBJECTID":363,"name":"A","source":"annular","kind":"annular","width_ft":30}},{"type":"Feature","id":364,"geometry":{"type":"LineString","coordinates":[[-119.19764743378198,40.781162014957445],[-119.19769370238426,40.781034983450404],[-119.19774269892741,40.780908544374547],[-119.19779441027974,40.780782731577261],[-119.19784882258304,40.78065757873803],[-119.19790592125636,40.780533119359525],[-119.19796569099978,40.780409386758613],[-119.19802811579873,40.780286414057365],[-119.19809317892806,40.780164234174329],[-119.19816086295678,40.78004287981561],[-119.19823114975254,40.779922383466108],[-119.19830402048656,40.779802777380972],[-119.19837945563873,40.779684093576783],[-119.19845743500275,40.779566363823101],[-119.1985379376917,40.779449619633972],[-119.19862094214348,40.779333892259395],[-119.19870642612666,40.779219212677084]]},"properties":{"OBJECTID":364,"name":"A","source":"annular","kind":"annular","width_ft":30}},{"type":"Feature","id":365,"geometry":{"type":"LineString","coordinates":[[-119.19764743378198,40.781162014957445],[-119.19667088708592,40.780963015989002]]},"properties":{"OBJECTID":365,"name":"2:00","source":"radial","kind":"avenue","width_ft":40}},{"type":"Feature","id":366,"geometry":{"type":"LineString","coordinates":[[-119.22795572003393,40.77915743414529],[-119.2280522395491,40.779441060055376],[-119.22814194599766,40.779726913910991],[-119.22822478802846,40.780014832079246],[-119.22830071821977,40.780304649745595],[-119.22836969310647,40.78059620100813],[-119.22843167320491,40.780889318972577],[-119.22848662303545,40.78118383584782]]},"properties":{"OBJECTID":366,"name":"K","source":"annular","kind":"annular","width_ft":50}},{"type":"Feature","id":367,"geometry":{"type":"LineString","coordinates":[[-119.22780644689752,40.781252024871868],[-119.22848662303545,40.78118383584782]]},"properties":{"OBJECTID":367,"name":"7:15","source":"radial","kind":"path","width_ft":20}},{"type":"Feature","id":368,"geometry":{"type":"LineString","coordinates":[[-119.22729308862635,40.779292523230232],[-119.22738641926375,40.779566785595883],[-119.22747316172057,40.779843202308975],[-119.22755326634177,40.780121615136899],[-119.22762668727208,40.780401864704395],[-119.22769338248224,40.780683790584781],[-119.22775331379313,40.78096723139177],[-119.22780644689752,40.781252024871868]]},"properties":{"OBJECTID":368,"name":"J","source":"annular","kind":"annular","width_ft":30}},{"type":"Feature","id":369,"geometry":{"type":"LineString","coordinates":[[-119.22716207931722,40.781316620825571],[-119.22780644689752,40.781252024871868]]},"properties":{"OBJECTID":369,"name":"7:15","source":"radial","kind":"path","width_ft":20}},{"type":"Feature","id":370,"geometry":{"type":"LineString","coordinates":[[-119.22666534441767,40.779420496100016],[-119.22675565374641,40.779685888057095],[-119.22683958793559,40.779953364631069],[-119.22691709893714,40.780222772705145],[-119.22698814237991,40.780493958056844],[-119.22705267759515,40.780766765446288],[-119.22711066763971,40.781041038705048],[-119.22716207931722,40.781316620825571]]},"properties":{"OBJECTID":370,"name":"I","source":"annular","kind":"annular","width_ft":30}},{"type":"Feature","id":371,"geometry":{"type":"LineString","coordinates":[[-119.22615972502588,40.781417095867852],[-119.22716207931722,40.781316620825571]]},"properties":{"OBJECTID":371,"name":"7:15","source":"radial","kind":"path","width_ft":20}},{"type":"Feature","id":372,"geometry":{"type":"LineString","coordinates":[[-119.22568884652891,40.779619558417025],[-119.22577445632588,40.779871151807122],[-119.22585402239025,40.78012472134921],[-119.22592749917362,40.780380121884811],[-119.22599484461344,40.780637207207242],[-119.22605602015713,40.780895830145383],[-119.22611099078411,40.781155842647863],[-119.22615972502588,40.781417095867852]]},"properties":{"OBJECTID":372,"name":"H","source":"annular","kind":"annular","width_ft":30}},{"type":"Feature","id":373,"geometry":{"type":"LineString","coordinates":[[-119.21660360996847,40.78147115555538],[-119.21812075460724,40.78116201325529]]},"properties":{"OBJECTID":373,"name":"7:00","source":"radial","kind":"avenue","width_ft":40}},{"type":"Feature","id":374,"geometry":{"type":"LineString","coordinates":[[-119.21570160438434,40.779816285895009],[-119.21581445509459,40.779968179132354],[-119.21592252856276,40.780123507699713],[-119.21602572028685,40.780282121401633],[-119.21612393048531,40.780443866866101],[-119.21621706419347,40.780608587692832],[-119.21630503135542,40.780776124604515],[-119.21638774691102,40.780946315600808],[-119.21646513087822,40.781118996114984],[-119.21653710843034,40.781293999173094],[-119.21660360996847,40.78147115555538]]},"properties":{"OBJECTID":374,"name":"ESP","source":"annular","kind":"annular","width_ft":40}},{"type":"Feature","id":375,"geometry":{"type":"LineString","coordinates":[[-119.19916458206386,40.781471157005555],[-119.19923108355064,40.781294000614174],[-119.19930306105215,40.781118997545555],[-119.19938044496949,40.780946317019485],[-119.19946316047607,40.780776126009961],[-119.19955112758983,40.780608589083741],[-119.19964426125068,40.7804438682412],[-119.19974247140273,40.780282122759708],[-119.19984566308135,40.780123509039576],[-119.19995373650501,40.779968180452869],[-119.20006658717176,40.779816287195075]]},"properties":{"OBJECTID":375,"name":"ESP","source":"annular","kind":"annular","width_ft":40}},{"type":"Feature","id":376,"geometry":{"type":"LineString","coordinates":[[-119.19916458206386,40.781471157005555],[-119.19764743378198,40.781162014957445]]},"properties":{"OBJECTID":376,"name":"2:00","source":"radial","kind":"avenue","width_ft":40}},{"type":"Feature","id":377,"geometry":{"type":"LineString","coordinates":[[-119.22515735941828,40.781517563104323],[-119.22615972502588,40.781417095867852]]},"properties":{"OBJECTID":377,"name":"7:15","source":"radial","kind":"path","width_ft":20}},{"type":"Feature","id":378,"geometry":{"type":"LineString","coordinates":[[-119.22471233214615,40.779818614267889],[-119.2247932431131,40.780056408853845],[-119.22486844176757,40.780296071141343],[-119.22493788506054,40.780537463930685],[-119.22500153323774,40.780780449031504],[-119.22505934986242,40.781024887341907],[-119.22511130183626,40.781270638928063],[-119.22515735941828,40.781517563104323]]},"properties":{"OBJECTID":378,"name":"G","source":"annular","kind":"annular","width_ft":30}},{"type":"Feature","id":379,"geometry":{"type":"LineString","coordinates":[[-119.22415500737199,40.781618019829686],[-119.22515735941828,40.781517563104323]]},"properties":{"OBJECTID":379,"name":"7:15","source":"radial","kind":"path","width_ft":20}},{"type":"Feature","id":380,"geometry":{"type":"LineString","coordinates":[[-119.22373582259182,40.780017659146786],[-119.2238120359569,40.780241654911592],[-119.22388286843712,40.780467409954532],[-119.2239482794822,40.780694795035068],[-119.22400823164557,40.780923679979466],[-119.22406269060571,40.781153933755391],[-119.2241116251859,40.781385424546848],[-119.22415500737199,40.781618019829686]]},"properties":{"OBJECTID":380,"name":"F","source":"annular","kind":"annular","width_ft":30}},{"type":"Feature","id":381,"geometry":{"type":"LineString","coordinates":[[-119.22848662303545,40.78118383584782],[-119.22852824525017,40.781439462906583],[-119.22856437450456,40.781695923973622],[-119.2285949941724,40.78195310102911],[-119.22862009016296,40.782210875723727],[-119.22863965092742,40.782469129433139],[-119.22865366746419,40.782727743312556],[-119.22866213332303,40.782986598351457],[-119.22866504460809,40.783245575428332]]},"properties":{"OBJECTID":381,"name":"K","source":"annular","kind":"annular","width_ft":50}},{"type":"Feature","id":382,"geometry":{"type":"LineString","coordinates":[[-119.22797896168542,40.783245696995778],[-119.22866504460809,40.783245575428332]]},"properties":{"OBJECTID":382,"name":"7:30","source":"radial","kind":"avenue","width_ft":40}},{"type":"Feature","id":383,"geometry":{"type":"LineString","coordinates":[[-119.22780644689752,40.781252024871868],[-119.22785200922432,40.7815345936894],[-119.22789063080145,40.781818194528697],[-119.2279222884152,40.782102656930007],[-119.2279469630376,40.782387809915747],[-119.22796463983785,40.782673482093251],[-119.22797530819122,40.782959501757787],[-119.22797896168542,40.783245696995778]]},"properties":{"OBJECTID":383,"name":"J","source":"annular","kind":"annular","width_ft":30}},{"type":"Feature","id":384,"geometry":{"type":"LineString","coordinates":[[-119.22732899169112,40.783245808401794],[-119.22797896168542,40.783245696995778]]},"properties":{"OBJECTID":384,"name":"7:30","source":"radial","kind":"avenue","width_ft":40}},{"type":"Feature","id":385,"geometry":{"type":"LineString","coordinates":[[-119.22716207931722,40.781316620825571],[-119.227206164783,40.781590050295769],[-119.22724353397599,40.781864478331656],[-119.22727416443519,40.782139739986157],[-119.22729803774988,40.78241566981113],[-119.22731513957085,40.782692101956847],[-119.22732545961891,40.782968870271645],[-119.22732899169112,40.783245808401794]]},"properties":{"OBJECTID":385,"name":"I","source":"annular","kind":"annular","width_ft":30}},{"type":"Feature","id":386,"geometry":{"type":"LineString","coordinates":[[-119.22631792909135,40.783245974423117],[-119.22732899169112,40.783245808401794]]},"properties":{"OBJECTID":386,"name":"7:30","source":"radial","kind":"avenue","width_ft":40}},{"type":"Feature","id":387,"geometry":{"type":"LineString","coordinates":[[-119.22615972502588,40.781417095867852],[-119.22620151408887,40.781676308546118],[-119.2262369360664,40.78193646777018],[-119.22626596966765,40.782197417168256],[-119.22628859744165,40.782458999893606],[-119.22630480578768,40.782721058718828],[-119.22631458496355,40.782983436130351],[-119.22631792909135,40.783245974423117]]},"properties":{"OBJECTID":387,"name":"H","source":"annular","kind":"annular","width_ft":30}},{"type":"Feature","id":388,"geometry":{"type":"LineString","coordinates":[[-119.22530686766804,40.783246131585834],[-119.22631792909135,40.783245974423117]]},"properties":{"OBJECTID":388,"name":"7:30","source":"radial","kind":"avenue","width_ft":40}},{"type":"Feature","id":389,"geometry":{"type":"LineString","coordinates":[[-119.22515735941828,40.781517563104323],[-119.22519685383166,40.781762558711442],[-119.2252303303591,40.782008448886735],[-119.22525776887903,40.78225508583413],[-119.22527915289909,40.782502321308698],[-119.22529446956608,40.78275000670574],[-119.22530370967371,40.78299799315014],[-119.22530686766804,40.783246131585834]]},"properties":{"OBJECTID":389,"name":"G","source":"annular","kind":"annular","width_ft":30}},{"type":"Feature","id":390,"geometry":{"type":"LineString","coordinates":[[-119.22429580505231,40.783246279890342],[-119.22530686766804,40.783246131585834]]},"properties":{"OBJECTID":390,"name":"7:30","source":"radial","kind":"avenue","width_ft":40}},{"type":"Feature","id":391,"geometry":{"type":"LineString","coordinates":[[-119.22415500737199,40.781618019829686],[-119.22419220506036,40.781848798755007],[-119.2242237340495,40.78208042022041],[-119.22424957538827,40.78231274500515],[-119.22426971354422,40.782545633465723],[-119.22428413641289,40.782778945619825],[-119.22429283532514,40.783012541230484],[-119.22429580505231,40.783246279890342]]},"properties":{"OBJECTID":391,"name":"F","source":"annular","kind":"annular","width_ft":30}},{"type":"Feature","id":392,"geometry":{"type":"LineString","coordinates":[[-119.22254450251664,40.783246515813524],[-119.22429580505231,40.783246279890342]]},"properties":{"OBJECTID":392,"name":"7:30","source":"radial","kind":"avenue","width_ft":40}},{"type":"Feature","id":393,"geometry":{"type":"LineString","coordinates":[[-119.22204434687346,40.780362416110279],[-119.22212318185923,40.780594489985567],[-119.22219541390527,40.780828703072523],[-119.22226098508592,40.781064867546654],[-119.22231984281713,40.7813027940186],[-119.22237193989864,40.781542291685966],[-119.22241723455176,40.781783168486363],[-119.22245569045299,40.782025231251438],[-119.22248727676308,40.78226828586174],[-119.22251196815172,40.782512137402442],[-119.22252974481795,40.782756590319607],[-119.22254059250598,40.783001448577053],[-119.22254450251664,40.783246515813524]]},"properties":{"OBJECTID":393,"name":"E","source":"annular","kind":"annular","width_ft":40}},{"type":"Feature","id":394,"geometry":{"type":"LineString","coordinates":[[-119.22151538519203,40.783246642051147],[-119.22254450251664,40.783246515813524]]},"properties":{"OBJECTID":394,"name":"7:30","source":"radial","kind":"avenue","width_ft":40}},{"type":"Feature","id":395,"geometry":{"type":"LineString","coordinates":[[-119.22105037821603,40.780564993754695],[-119.22112367625066,40.780780777497725],[-119.22119083479126,40.78099855021425],[-119.22125179998012,40.781218137261639],[-119.22130652292628,40.781439362542294],[-119.2213549597447,40.781662048644819],[-119.22139707159155,40.781886016986313],[-119.22143282469526,40.782111087955592],[-119.22146219038366,40.782337081057214],[-119.22148514510698,40.782563815056243],[-119.2215016704567,40.782791108123561],[-119.22151175318034,40.783018777981738],[-119.22151538519203,40.783246642051147]]},"properties":{"OBJECTID":395,"name":"D","source":"annular","kind":"annular","width_ft":30}},{"type":"Feature","id":396,"geometry":{"type":"LineString","coordinates":[[-119.22050431899713,40.783246757136951],[-119.22151538519203,40.783246642051147]]},"properties":{"OBJECTID":396,"name":"7:30","source":"radial","kind":"avenue","width_ft":40}},{"type":"Feature","id":397,"geometry":{"type":"LineString","coordinates":[[-119.22007384205423,40.780764008524791],[-119.22014758828442,40.780982043391454],[-119.22021456434385,40.78120225219466],[-119.2202747063115,40.781424424770094],[-119.22032795678867,40.781648349079241],[-119.22037426495383,40.781873811411764],[-119.22041358661109,40.782100596589444],[-119.22044588423238,40.782328488171579],[-119.2204711269933,40.782557268661499],[-119.22048929080249,40.782786719714188],[-119.22050035832467,40.783016622344668],[-119.22050431899713,40.783246757136951]]},"properties":{"OBJECTID":397,"name":"C","source":"annular","kind":"annular","width_ft":30}},{"type":"Feature","id":398,"geometry":{"type":"LineString","coordinates":[[-119.21949325990474,40.783246863363559],[-119.22050431899713,40.783246757136951]]},"properties":{"OBJECTID":398,"name":"7:30","source":"radial","kind":"avenue","width_ft":40}},{"type":"Feature","id":399,"geometry":{"type":"LineString","coordinates":[[-119.21909730124609,40.780963015024973],[-119.21916513681163,40.781163582865958],[-119.21922674453309,40.781366150413803],[-119.21928206561216,40.781570524338257],[-119.21933104725045,40.781776509585058],[-119.21937364269994,40.781983909562079],[-119.21940981130756,40.782192526327009],[-119.21943951855403,40.782402160776215],[-119.21946273608678,40.782612612834797],[-119.21947944174704,40.782823681647514],[-119.21948961959093,40.783035165770514],[-119.21949325990474,40.783246863363559]]},"properties":{"OBJECTID":399,"name":"B","source":"annular","kind":"annular","width_ft":30}},{"type":"Feature","id":400,"geometry":{"type":"LineString","coordinates":[[-119.21848219843783,40.783246960732015],[-119.21949325990474,40.783246863363559]]},"properties":{"OBJECTID":400,"name":"7:30","source":"radial","kind":"avenue","width_ft":40}},{"type":"Feature","id":401,"geometry":{"type":"LineString","coordinates":[[-119.21812075460724,40.78116201325529],[-119.21818267977686,40.781345113978382],[-119.21823891943873,40.781530040184904],[-119.2182894199171,40.781716615379167],[-119.21833413301371,40.781904661491652],[-119.21837301605387,40.782093999048982],[-119.21840603192717,40.782284447345219],[-119.21843314912287,40.782475824614316],[-119.21845434176001,40.782667948203596],[-119.21846958961208,40.782860634748111],[-119.21847887812638,40.78305370034559],[-119.21848219843783,40.783246960732015]]},"properties":{"OBJECTID":401,"name":"A","source":"annular","kind":"annular","width_ft":30}},{"type":"Feature","id":402,"geometry":{"type":"LineString","coordinates":[[-119.21691144156522,40.783247094429598],[-119.21848219843783,40.783246960732015]]},"properties":{"OBJECTID":402,"name":"7:30","source":"radial","kind":"avenue","width_ft":40}},{"type":"Feature","id":403,"geometry":{"type":"LineString","coordinates":[[-119.21660360996847,40.78147115555538],[-119.21666136242192,40.781642803973334],[-119.21671324924826,40.781816315594028],[-119.21675921052645,40.781991490039005],[-119.21679919317847,40.782168125009505],[-119.21683315103068,40.782346016520087],[-119.21686104486716,40.782524959134214],[-119.21688284247492,40.782704746201496],[-119.21689851868118,40.782885170096314],[-119.2169080553824,40.783066022457632],[-119.21691144156522,40.783247094429598]]},"properties":{"OBJECTID":403,"name":"ESP","source":"annular","kind":"annular","width_ft":40}},{"type":"Feature","id":404,"geometry":{"type":"LineString","coordinates":[[-119.21355895632217,40.778933498938194],[-119.20788409627202,40.783247448274516]]},"properties":{"OBJECTID":404,"name":"6:00","source":"radial","kind":"avenue","width_ft":40}},{"type":"Feature","id":405,"geometry":{"type":"LineString","coordinates":[[-119.20788409627202,40.783247448274516],[-119.20150126730458,40.778395254011599]]},"properties":{"OBJECTID":405,"name":"3:00","source":"radial","kind":"avenue","width_ft":40}},{"type":"Feature","id":406,"geometry":{"type":"LineString","coordinates":[[-119.22429580505231,40.783246279890342],[-119.22429295103804,40.78348001588563],[-119.22428436724647,40.78371361164632],[-119.2242700588382,40.783946926734444],[-119.22425003441545,40.784179820880752],[-119.22422430601692,40.784412154069081],[-119.22419288911055,40.784643786620514],[-119.22415580258421,40.784874579277364]]},"properties":{"OBJECTID":406,"name":"F","source":"annular","kind":"annular","width_ft":30}},{"type":"Feature","id":407,"geometry":{"type":"LineString","coordinates":[[-119.22530686766804,40.783246131585834],[-119.22530384024766,40.783494267006652],[-119.22529473004676,40.783742253612296],[-119.22527954254241,40.783989942312182],[-119.22525828686544,40.784237184194836],[-119.22523097579482,40.78448383061739],[-119.22519762575008,40.784729733295002],[-119.22515825678143,40.784974744389949]]},"properties":{"OBJECTID":407,"name":"G","source":"annular","kind":"annular","width_ft":30}},{"type":"Feature","id":408,"geometry":{"type":"LineString","coordinates":[[-119.22415580258421,40.784874579277364],[-119.22515825678143,40.784974744389949]]},"properties":{"OBJECTID":408,"name":"7:45","source":"radial","kind":"path","width_ft":20}},{"type":"Feature","id":409,"geometry":{"type":"LineString","coordinates":[[-119.21691144156522,40.783247094429598],[-119.21690810548922,40.783428164191633],[-119.21689861822782,40.783609016009422],[-119.21688299073982,40.78378944097927],[-119.2168612410767,40.783969230690545],[-119.21683339436171,40.784148177466406],[-119.21679948276086,40.78432607460369],[-119.21675954544577,40.784502716611684],[-119.2167136285484,40.784677899449491],[-119.21666178510783,40.784851420761719],[-119.21660407500892,40.785023080112204]]},"properties":{"OBJECTID":409,"name":"ESP","source":"annular","kind":"annular","width_ft":40}},{"type":"Feature","id":410,"geometry":{"type":"LineString","coordinates":[[-119.22631792909135,40.783245974423117],[-119.22631473127544,40.783508509329636],[-119.22630509766509,40.783770886913885],[-119.22628903405214,40.784032949432195],[-119.22626655009418,40.784294539330318],[-119.22623765930872,40.78455549933814],[-119.2262023790652,40.784815672564243],[-119.22616073057436,40.785074902590239]]},"properties":{"OBJECTID":410,"name":"H","source":"annular","kind":"annular","width_ft":30}},{"type":"Feature","id":411,"geometry":{"type":"LineString","coordinates":[[-119.22515825678143,40.784974744389949],[-119.22616073057436,40.785074902590239]]},"properties":{"OBJECTID":411,"name":"7:45","source":"radial","kind":"path","width_ft":20}},{"type":"Feature","id":412,"geometry":{"type":"LineString","coordinates":[[-119.22732899169112,40.783245808401794],[-119.22732562254716,40.783522742754577],[-119.22731546459711,40.783799511255197],[-119.22729852394809,40.78407594750697],[-119.22727481078502,40.784351885312965],[-119.22724433936456,40.78462715877594],[-119.22720712800648,40.784901602398044],[-119.22716319908274,40.785175051180346]]},"properties":{"OBJECTID":412,"name":"I","source":"annular","kind":"annular","width_ft":30}},{"type":"Feature","id":413,"geometry":{"type":"LineString","coordinates":[[-119.22616073057436,40.785074902590239],[-119.22716319908274,40.785175051180346]]},"properties":{"OBJECTID":413,"name":"7:45","source":"radial","kind":"path","width_ft":20}},{"type":"Feature","id":414,"geometry":{"type":"LineString","coordinates":[[-119.22797896168542,40.783245696995778],[-119.22797548163163,40.783531888111099],[-119.22796498583716,40.783817907871885],[-119.22794748061223,40.784103584318871],[-119.22792297648122,40.784388745699189],[-119.2278914881764,40.784673220569651],[-119.22785303462899,40.784956837899784],[-119.22780763895783,40.785239427174709]]},"properties":{"OBJECTID":414,"name":"J","source":"annular","kind":"annular","width_ft":30}},{"type":"Feature","id":415,"geometry":{"type":"LineString","coordinates":[[-119.22716319908274,40.785175051180346],[-119.22780763895783,40.785239427174709]]},"properties":{"OBJECTID":415,"name":"7:45","source":"radial","kind":"path","width_ft":20}},{"type":"Feature","id":416,"geometry":{"type":"LineString","coordinates":[[-119.22866504460809,40.783245575428332],[-119.22866229568803,40.78350454852005],[-119.22865399147773,40.783763403033028],[-119.22864013579975,40.7840220198132],[-119.22862073503202,40.784280279815924],[-119.22859579810499,40.784538064160813],[-119.22856533649743,40.784795254186399],[-119.22852936423121,40.785051731504815],[-119.22848789786482,40.785307378056238]]},"properties":{"OBJECTID":416,"name":"K","source":"annular","kind":"annular","width_ft":50}},{"type":"Feature","id":417,"geometry":{"type":"LineString","coordinates":[[-119.22780763895783,40.785239427174709],[-119.22848789786482,40.785307378056238]]},"properties":{"OBJECTID":417,"name":"7:45","source":"radial","kind":"path","width_ft":20}},{"type":"Feature","id":418,"geometry":{"type":"LineString","coordinates":[[-119.21848219843783,40.783246960732015],[-119.2184789408051,40.783440218188595],[-119.21846971421991,40.783633282755055],[-119.21845452749064,40.783825970118293],[-119.2184333951156,40.784018096325305],[-119.21840633726924,40.784209477958818],[-119.21837337978292,40.784399932312382],[-119.21833455412018,40.784589277564791],[-119.21828989734674,40.784777332953652],[-119.2182394520951,40.784963918947994],[-119.21818326652392,40.785148857419621],[-119.21812139427188,40.785331971813164]]},"properties":{"OBJECTID":418,"name":"A","source":"annular","kind":"annular","width_ft":30}},{"type":"Feature","id":419,"geometry":{"type":"LineString","coordinates":[[-119.21660407500892,40.785023080112204],[-119.21812139427188,40.785331971813164]]},"properties":{"OBJECTID":419,"name":"8:00","source":"radial","kind":"avenue","width_ft":40}},{"type":"Feature","id":420,"geometry":{"type":"LineString","coordinates":[[-119.21949325990474,40.783246863363559],[-119.21948969481907,40.783458557454445],[-119.21947959130311,40.783670040354266],[-119.21946295900251,40.783881110163868],[-119.21943981379586,40.784091565378489],[-119.21941017777947,40.784301205080084],[-119.21937407924636,40.784509829129171],[-119.2193315526592,40.78471723835591],[-119.21928263861737,40.78492323475021],[-119.21922738381832,40.785127621650794],[-119.21916584101285,40.785330203932958],[-119.21909806895484,40.785530788194812]]},"properties":{"OBJECTID":420,"name":"B","source":"annular","kind":"annular","width_ft":30}},{"type":"Feature","id":421,"geometry":{"type":"LineString","coordinates":[[-119.21812139427188,40.785331971813164],[-119.21909806895484,40.785530788194812]]},"properties":{"OBJECTID":421,"name":"8:00","source":"radial","kind":"avenue","width_ft":40}},{"type":"Feature","id":422,"geometry":{"type":"LineString","coordinates":[[-119.22050431899713,40.783246757136951],[-119.22050044724534,40.783476887802685],[-119.22048946757914,40.783706789000384],[-119.22047139048075,40.783936241244412],[-119.22044623320831,40.784165025477733],[-119.22041401977935,40.784392923281075],[-119.22037478094788,40.784619717081426],[-119.22032855417504,40.784845190359768],[-119.22027538359333,40.785069127857774],[-119.22021531996445,40.785291315783326],[-119.22014842063089,40.785511542014603],[-119.22007474946115,40.785729596302616]]},"properties":{"OBJECTID":422,"name":"C","source":"annular","kind":"annular","width_ft":30}},{"type":"Feature","id":423,"geometry":{"type":"LineString","coordinates":[[-119.21909806895484,40.785530788194812],[-119.22007474946115,40.785729596302616]]},"properties":{"OBJECTID":423,"name":"8:00","source":"radial","kind":"avenue","width_ft":40}},{"type":"Feature","id":424,"geometry":{"type":"LineString","coordinates":[[-119.22151538519203,40.783246642051147],[-119.22151184855271,40.783474501641145],[-119.2215018601607,40.783702169672715],[-119.22148542802898,40.783929463503732],[-119.22146256533992,40.784156200792289],[-119.22143329043463,40.784382199642934],[-119.22139762679834,40.784607278752624],[-119.22135560304146,40.784831257556156],[-119.22130725287671,40.785053956371016],[-119.22125261509206,40.785275196541562],[-119.22119173351956,40.785494800582285],[-119.22112465700025,40.785712592320259],[-119.2210514393449,40.785928397036422]]},"properties":{"OBJECTID":424,"name":"D","source":"annular","kind":"annular","width_ft":30}},{"type":"Feature","id":425,"geometry":{"type":"LineString","coordinates":[[-119.22007474946115,40.785729596302616],[-119.2210514393449,40.785928397036422]]},"properties":{"OBJECTID":425,"name":"8:00","source":"radial","kind":"avenue","width_ft":40}},{"type":"Feature","id":426,"geometry":{"type":"LineString","coordinates":[[-119.22254450251664,40.783246515813524],[-119.22254070260762,40.783491577902318],[-119.22252996381619,40.783736434074449],[-119.22251229475746,40.783980887896334],[-119.22248770960627,40.784224743257177],[-119.22245622808583,40.784467804526287],[-119.2224178754519,40.784709876710032],[-119.2223726824725,40.784950765608251],[-119.2223206854033,40.785190277970074],[-119.22226192595846,40.785428221648942],[-119.22219645127718,40.785664405756755],[-119.22212431388594,40.785898640817017],[-119.22204557165627,40.786130738916832]]},"properties":{"OBJECTID":426,"name":"E","source":"annular","kind":"annular","width_ft":40}},{"type":"Feature","id":427,"geometry":{"type":"LineString","coordinates":[[-119.2210514393449,40.785928397036422],[-119.22204557165627,40.786130738916832]]},"properties":{"OBJECTID":427,"name":"8:00","source":"radial","kind":"avenue","width_ft":40}},{"type":"Feature","id":428,"geometry":{"type":"LineString","coordinates":[[-119.22415580258421,40.784874579277364],[-119.2241125322283,40.785107184538994],[-119.22406370750389,40.785338687622605],[-119.2240093563794,40.785568955915487],[-119.223949509989,40.785797857512236],[-119.2238842026147,40.786025261290341],[-119.22381347166674,40.786251036985313],[-119.22373735766219,40.786475055265257]]},"properties":{"OBJECTID":428,"name":"F","source":"annular","kind":"annular","width_ft":30}},{"type":"Feature","id":429,"geometry":{"type":"LineString","coordinates":[[-119.22204557165627,40.786130738916832],[-119.22373735766219,40.786475055265257]]},"properties":{"OBJECTID":429,"name":"8:00","source":"radial","kind":"avenue","width_ft":40}},{"type":"Feature","id":430,"geometry":{"type":"LineString","coordinates":[[-119.22515825678143,40.784974744389949],[-119.22511232543765,40.78522167992854],[-119.22506049747089,40.785467445488422],[-119.22500280257056,40.785711900283914],[-119.22493927378692,40.785954904280203],[-119.22486994751215,40.786196318273554],[-119.22479486345948,40.786436003971083],[-119.22471406464048,40.786673824069915]]},"properties":{"OBJECTID":430,"name":"G","source":"annular","kind":"annular","width_ft":30}},{"type":"Feature","id":431,"geometry":{"type":"LineString","coordinates":[[-119.22373735766219,40.786475055265257],[-119.22471406464048,40.786673824069915]]},"properties":{"OBJECTID":431,"name":"8:00","source":"radial","kind":"avenue","width_ft":40}},{"type":"Feature","id":432,"geometry":{"type":"LineString","coordinates":[[-119.21660407500892,40.785023080112204],[-119.21653761582375,40.785200247402983],[-119.21646567876051,40.785375262062786],[-119.2163883334174,40.785547954767075],[-119.21630565462507,40.785718158437767],[-119.2162177223743,40.785885708404898],[-119.2161246217384,40.78605044256593],[-119.21602644279113,40.786212201542583],[-119.21592328051941,40.786370828835025],[-119.21581523473147,40.786526170973303],[-119.21570240996029,40.78667807766579]]},"properties":{"OBJECTID":432,"name":"ESP","source":"annular","kind":"annular","width_ft":40}},{"type":"Feature","id":433,"geometry":{"type":"LineString","coordinates":[[-119.22616073057436,40.785074902590239],[-119.22611213694329,40.785336168431201],[-119.22605730443647,40.785596196462059],[-119.225996264465,40.785854837724273],[-119.225929051996,40.786111944053729],[-119.2258557055325,40.786367368165607],[-119.22577626709143,40.786620963738748],[-119.22569078217958,40.786872585499495]]},"properties":{"OBJECTID":433,"name":"H","source":"annular","kind":"annular","width_ft":30}},{"type":"Feature","id":434,"geometry":{"type":"LineString","coordinates":[[-119.22471406464048,40.786673824069915],[-119.22569078217958,40.786872585499495]]},"properties":{"OBJECTID":434,"name":"8:00","source":"radial","kind":"avenue","width_ft":40}},{"type":"Feature","id":435,"geometry":{"type":"LineString","coordinates":[[-119.22716319908274,40.785175051180346],[-119.22711194498619,40.785450647526432],[-119.22705410974055,40.785724938271358],[-119.22698972647775,40.785997766282854],[-119.22691883208086,40.786268975266623],[-119.22684146716297,40.786538409855851],[-119.22675767604395,40.786805915700199],[-119.22666750672499,40.787071339554267]]},"properties":{"OBJECTID":435,"name":"I","source":"annular","kind":"annular","width_ft":30}},{"type":"Feature","id":436,"geometry":{"type":"LineString","coordinates":[[-119.22569078217958,40.786872585499495],[-119.22666750672499,40.787071339554267]]},"properties":{"OBJECTID":436,"name":"8:00","source":"radial","kind":"avenue","width_ft":40}},{"type":"Feature","id":437,"geometry":{"type":"LineString","coordinates":[[-119.22780763895783,40.785239427174709],[-119.22775467359493,40.785524235737924],[-119.22769490705944,40.785807695097596],[-119.22762837359006,40.786089642867225],[-119.2275551113021,40.786369917526279],[-119.22747516216558,40.7866483585127],[-119.22738857198129,40.786924806314886],[-119.22729539035451,40.787199102563086]]},"properties":{"OBJECTID":437,"name":"J","source":"annular","kind":"annular","width_ft":30}},{"type":"Feature","id":438,"geometry":{"type":"LineString","coordinates":[[-119.22666750672499,40.787071339554267],[-119.22729539035451,40.787199102563086]]},"properties":{"OBJECTID":438,"name":"8:00","source":"radial","kind":"avenue","width_ft":40}},{"type":"Feature","id":439,"geometry":{"type":"LineString","coordinates":[[-119.21812139427188,40.785331971813164],[-119.21807516175791,40.785459011398714],[-119.21802620057926,40.78558545899233],[-119.21797452382984,40.785711280737516],[-119.21792014533095,40.785836442945168],[-119.21786307962749,40.785960912102553],[-119.21780334198411,40.78608465488238],[-119.21774094838123,40.78620763815163],[-119.21767591551061,40.786329828980463],[-119.21760826077106,40.786451194651058],[-119.21753800226361,40.786571702666372],[-119.21746515878689,40.786691320758791],[-119.21738974983199,40.786810016898876],[-119.21731179557717,40.786927759303815],[-119.21723131688269,40.787044516446137],[-119.217148335285,40.787160257061842],[-119.21706287299119,40.787274950159137]]},"properties":{"OBJECTID":439,"name":"A","source":"annular","kind":"annular","width_ft":30}},{"type":"Feature","id":440,"geometry":{"type":"LineString","coordinates":[[-119.21570240996029,40.78667807766579],[-119.21706287299119,40.787274950159137]]},"properties":{"OBJECTID":440,"name":"8:30","source":"radial","kind":"avenue","width_ft":40}},{"type":"Feature","id":441,"geometry":{"type":"LineString","coordinates":[[-119.22848789786482,40.785307378056238],[-119.22843312758336,40.785601910909129],[-119.22837132386896,40.785895048566296],[-119.22830252212781,40.786186623094636],[-119.22822676177515,40.786476467456538],[-119.22814408621268,40.786764415605575],[-119.22805454280368,40.787050302581605],[-119.2279581828459,40.787333964605324]]},"properties":{"OBJECTID":441,"name":"K","source":"annular","kind":"annular","width_ft":50}},{"type":"Feature","id":442,"geometry":{"type":"LineString","coordinates":[[-119.22729539035451,40.787199102563086],[-119.2279581828459,40.787333964605324]]},"properties":{"OBJECTID":442,"name":"8:00","source":"radial","kind":"avenue","width_ft":40}},{"type":"Feature","id":443,"geometry":{"type":"LineString","coordinates":[[-119.21909806895484,40.785530788194812],[-119.21904742798323,40.785669947954901],[-119.21899379798957,40.785808459272623],[-119.21893719331486,40.785946285061087],[-119.21887762909697,40.786083388416621],[-119.21881512126647,40.786219732628815],[-119.2187496865424,40.786355281190311],[-119.21868134242779,40.786489997806534],[-119.21861010720511,40.786623846405497],[-119.21853599993119,40.786756791147369],[-119.21845904043234,40.786888796434219],[-119.21837924929889,40.787019826919355],[-119.2182966478798,40.78714984751695],[-119.21821125827692,40.78727882341142],[-119.21812310333907,40.787406720066642],[-119.21803220665599,40.787533503235387],[-119.21793859255199,40.787659138968287]]},"properties":{"OBJECTID":443,"name":"B","source":"annular","kind":"annular","width_ft":30}},{"type":"Feature","id":444,"geometry":{"type":"LineString","coordinates":[[-119.21706287299119,40.787274950159137],[-119.21793859255199,40.787659138968287]]},"properties":{"OBJECTID":444,"name":"8:30","source":"radial","kind":"avenue","width_ft":40}},{"type":"Feature","id":445,"geometry":{"type":"LineString","coordinates":[[-119.22373735766219,40.786475055265257],[-119.22365410818988,40.786702283050666],[-119.22356568274756,40.786927547078541],[-119.22347212760985,40.787150729464301],[-119.22337349173579,40.787371713412689],[-119.22326982674321,40.78759038327896],[-119.22316118688182,40.787806624629361],[-119.22304762900478,40.788020324301016]]},"properties":{"OBJECTID":445,"name":"F","source":"annular","kind":"annular","width_ft":30}},{"type":"Feature","id":446,"geometry":{"type":"LineString","coordinates":[[-119.22007474946115,40.785729596302616],[-119.22001969996137,40.785880876176776],[-119.21996140107875,40.786031451157321],[-119.21989986840121,40.786181280926805],[-119.21983511838296,40.786330325367025],[-119.21976716833997,40.786478544569817],[-119.21969603644544,40.786625898847696],[-119.21962174172491,40.786772348744528],[-119.2195443040512,40.786917855046092],[-119.21946374413906,40.787062378790509],[-119.21938008353982,40.787205881278865],[-119.21929334463537,40.787348324085357],[-119.21920355063246,40.787489669067753],[-119.21911072555618,40.787629878377494],[-119.21901489424394,40.787768914469936],[-119.21891608233854,40.787906740114359],[-119.21881431628134,40.788043318403929]]},"properties":{"OBJECTID":446,"name":"C","source":"annular","kind":"annular","width_ft":30}},{"type":"Feature","id":447,"geometry":{"type":"LineString","coordinates":[[-119.21793859255199,40.787659138968287],[-119.21881431628134,40.788043318403929]]},"properties":{"OBJECTID":447,"name":"8:30","source":"radial","kind":"avenue","width_ft":40}},{"type":"Feature","id":448,"geometry":{"type":"LineString","coordinates":[[-119.21570240996029,40.78667807766579],[-119.2156275190051,40.786774852581665],[-119.21555055462296,40.786870683140066],[-119.21547153741353,40.786965543680807],[-119.21539048852641,40.787059408803238],[-119.21530742965551,40.787152253373208],[-119.21522238303318,40.787244052529701],[-119.21513537142435,40.78733478169152],[-119.21504641812044,40.787424416563915],[-119.21495554693298,40.787512933145031],[-119.21486278218748,40.787600307732411],[-119.21476814871669,40.787686516929263],[-119.21467167185415,40.787771537650748],[-119.21457337742719,40.787855347130268],[-119.21447329175027,40.787937922925394],[-119.21437144161771,40.788019242924044],[-119.21426785429669,40.788099285350299]]},"properties":{"OBJECTID":448,"name":"ESP","source":"annular","kind":"annular","width_ft":40}},{"type":"Feature","id":449,"geometry":{"type":"LineString","coordinates":[[-119.20788409627202,40.783247448274516],[-119.21426785429669,40.788099285350299]]},"properties":{"OBJECTID":449,"name":"9:00","source":"radial","kind":"avenue","width_ft":40}},{"type":"Feature","id":450,"geometry":{"type":"LineString","coordinates":[[-119.20788409627202,40.783247448274516],[-119.20149969626335,40.788099775346559]]},"properties":{"OBJECTID":450,"name":"12:00","source":"radial","kind":"avenue","width_ft":40}},{"type":"Feature","id":451,"geometry":{"type":"LineString","coordinates":[[-119.22471406464048,40.786673824069915],[-119.22462568916048,40.786915051011931],[-119.22453181875493,40.787154193249904],[-119.22443250254913,40.78739112563327],[-119.22432779251835,40.787625724167953],[-119.22421774346058,40.787857866081247],[-119.22410241296795,40.788087429886076],[-119.22398186139645,40.788314295444572]]},"properties":{"OBJECTID":451,"name":"G","source":"annular","kind":"annular","width_ft":30}},{"type":"Feature","id":452,"geometry":{"type":"LineString","coordinates":[[-119.22304762900478,40.788020324301016],[-119.22398186139645,40.788314295444572]]},"properties":{"OBJECTID":452,"name":"8:15","source":"radial","kind":"path","width_ft":20}},{"type":"Feature","id":453,"geometry":{"type":"LineString","coordinates":[[-119.2210514393449,40.785928397036422],[-119.22099198172407,40.786091797146568],[-119.22092901435239,40.786254435916895],[-119.22086255406431,40.786416269799339],[-119.22079261863004,40.786577255461069],[-119.2207192267506,40.786737349796063],[-119.22064239805296,40.786896509936625],[-119.22056215308483,40.787054693264942],[-119.22047851330908,40.787211857424445],[-119.22039150109818,40.787367960331174],[-119.22030113972795,40.787522960185015],[-119.22020745337176,40.787676815480964],[-119.22011046709358,40.787829485020247],[-119.22001020684178,40.787980927921289],[-119.21990669944186,40.78813110363069],[-119.21979997258943,40.788279971934173],[-119.2196900548428,40.788427492967244]]},"properties":{"OBJECTID":453,"name":"D","source":"annular","kind":"annular","width_ft":30}},{"type":"Feature","id":454,"geometry":{"type":"LineString","coordinates":[[-119.21881431628134,40.788043318403929],[-119.2196900548428,40.788427492967244]]},"properties":{"OBJECTID":454,"name":"8:30","source":"radial","kind":"avenue","width_ft":40}},{"type":"Feature","id":455,"geometry":{"type":"LineString","coordinates":[[-119.22569078217958,40.786872585499495],[-119.22559728144103,40.787127811923973],[-119.22549796679974,40.787380832709466],[-119.2253928902316,40.787631515438619],[-119.22528210672802,40.787879728917702],[-119.22516567426705,40.788125343245255],[-119.22504365378312,40.788368229880057],[-119.22491610913512,40.788608261708433]]},"properties":{"OBJECTID":455,"name":"H","source":"annular","kind":"annular","width_ft":30}},{"type":"Feature","id":456,"geometry":{"type":"LineString","coordinates":[[-119.22398186139645,40.788314295444572],[-119.22491610913512,40.788608261708433]]},"properties":{"OBJECTID":456,"name":"8:15","source":"radial","kind":"path","width_ft":20}},{"type":"Feature","id":457,"geometry":{"type":"LineString","coordinates":[[-119.22204557165627,40.786130738916832],[-119.22198162779135,40.786306475767987],[-119.22191390915201,40.78648139383256],[-119.22184243384106,40.786655446274146],[-119.22176722096773,40.7868285864878],[-119.22168829064242,40.787000768112385],[-119.22160566397153,40.787171945043212],[-119.22151936305163,40.787342071444193],[-119.22142941096371,40.787511101760209],[-119.22133583176701,40.787678990729304],[-119.22123865049254,40.787845693394779],[-119.22113789313644,40.788011165117297],[-119.22103358665314,40.788175361586852],[-119.22092575894793,40.788338238834534],[-119.22081443886972,40.788499753244366],[-119.22069965620332,40.788659861565108],[-119.22058144166138,40.788818520921652]]},"properties":{"OBJECTID":457,"name":"E","source":"annular","kind":"annular","width_ft":40}},{"type":"Feature","id":458,"geometry":{"type":"LineString","coordinates":[[-119.2196900548428,40.788427492967244],[-119.22058144166138,40.788818520921652]]},"properties":{"OBJECTID":458,"name":"8:30","source":"radial","kind":"avenue","width_ft":40}},{"type":"Feature","id":459,"geometry":{"type":"LineString","coordinates":[[-119.22666750672499,40.787071339554267],[-119.22656888091663,40.787340565425851],[-119.22646412222407,40.787607464725845],[-119.22635328547379,40.787871897769911],[-119.22623642867329,40.788133726164439],[-119.2261136129807,40.788392812878989],[-119.22598490267281,40.788649022318019],[-119.22585036511141,40.788902220391826]]},"properties":{"OBJECTID":459,"name":"I","source":"annular","kind":"annular","width_ft":30}},{"type":"Feature","id":460,"geometry":{"type":"LineString","coordinates":[[-119.22491610913512,40.788608261708433],[-119.22585036511141,40.788902220391826]]},"properties":{"OBJECTID":460,"name":"8:15","source":"radial","kind":"path","width_ft":20}},{"type":"Feature","id":461,"geometry":{"type":"LineString","coordinates":[[-119.21706287299119,40.787274950159137],[-119.21697495297818,40.787388565108941],[-119.21688459866833,40.787501071406773],[-119.21679183424399,40.787612438926352],[-119.21669668453323,40.787722637846173],[-119.21659917500325,40.787831638657494],[-119.2164993317535,40.787939412172278],[-119.21639718150877,40.788045929530995],[-119.21629275161207,40.788151162210355],[-119.21618607001709,40.788255082030894],[-119.21607716528106,40.78835766116466],[-119.21596606655683,40.78845887214252],[-119.21585280358521,40.788558687861659],[-119.21573740668697,40.788657081592682],[-119.21561990675471,40.788754026986958],[-119.21550033524467,40.788849498083522],[-119.21537872416819,40.788943469316145]]},"properties":{"OBJECTID":461,"name":"A","source":"annular","kind":"annular","width_ft":30}},{"type":"Feature","id":462,"geometry":{"type":"LineString","coordinates":[[-119.21426785429669,40.788099285350299],[-119.21537872416819,40.788943469316145]]},"properties":{"OBJECTID":462,"name":"9:00","source":"radial","kind":"avenue","width_ft":40}},{"type":"Feature","id":463,"geometry":{"type":"LineString","coordinates":[[-119.22729539035451,40.787199102563086],[-119.22719347102419,40.787477328140952],[-119.2270852137373,40.787753149427118],[-119.22697067515243,40.788026422065052],[-119.22684991521561,40.788297003032099],[-119.22672299712896,40.78856475071435],[-119.22658998731757,40.788829524980741],[-119.22645095539475,40.78909118725641]]},"properties":{"OBJECTID":463,"name":"J","source":"annular","kind":"annular","width_ft":30}},{"type":"Feature","id":464,"geometry":{"type":"LineString","coordinates":[[-119.22585036511141,40.788902220391826],[-119.22645095539475,40.78909118725641]]},"properties":{"OBJECTID":464,"name":"8:15","source":"radial","kind":"path","width_ft":20}},{"type":"Feature","id":465,"geometry":{"type":"LineString","coordinates":[[-119.21426785429669,40.788099285350299],[-119.21407349820977,40.78824187412026],[-119.21387546949656,40.788379316743118],[-119.21367390438098,40.788511518672095],[-119.21346894151972,40.788638388965474],[-119.21326072190672,40.788759840349179],[-119.21304938877628,40.788875789276794],[-119.21283508750444,40.788986155987047],[-119.2126179655091,40.789090864558673],[-119.21239817214844,40.789189842962642]]},"properties":{"OBJECTID":465,"name":"ESP","source":"annular","kind":"annular","width_ft":40}},{"type":"Feature","id":466,"geometry":{"type":"LineString","coordinates":[[-119.2279581828459,40.787333964605324],[-119.22785278605026,40.787621690060639],[-119.22774083483078,40.78790692916494],[-119.22762238778043,40.788189532629936],[-119.22749750689196,40.78846935254677],[-119.22736625752547,40.788746242463453],[-119.22722870837417,40.789020057461478],[-119.22708493142848,40.789290654231692]]},"properties":{"OBJECTID":466,"name":"K","source":"annular","kind":"annular","width_ft":50}},{"type":"Feature","id":467,"geometry":{"type":"LineString","coordinates":[[-119.22645095539475,40.78909118725641],[-119.22708493142848,40.789290654231692]]},"properties":{"OBJECTID":467,"name":"8:15","source":"radial","kind":"path","width_ft":20}},{"type":"Feature","id":468,"geometry":{"type":"LineString","coordinates":[[-119.22304762900478,40.788020324301016],[-119.22292568720165,40.788237929725028],[-119.22279908913816,40.788452859607148],[-119.22266789349133,40.788665014329375],[-119.22253216106915,40.788874295559957],[-119.22239195478231,40.789080606298988],[-119.22224733961514,40.789283850923354],[-119.22209838259542,40.789483935231047]]},"properties":{"OBJECTID":468,"name":"F","source":"annular","kind":"annular","width_ft":30}},{"type":"Feature","id":469,"geometry":{"type":"LineString","coordinates":[[-119.22058144166138,40.788818520921652],[-119.22209838259542,40.789483935231047]]},"properties":{"OBJECTID":469,"name":"8:30","source":"radial","kind":"avenue","width_ft":40}},{"type":"Feature","id":470,"geometry":{"type":"LineString","coordinates":[[-119.21793859255199,40.787659138968287],[-119.21784228587263,40.787783593484804],[-119.21774331260228,40.787906833594953],[-119.21764169922938,40.788028826297605],[-119.21753747294954,40.788149538925538],[-119.21743066165868,40.788268939154072],[-119.21732129394529,40.78838699500988],[-119.21720939908296,40.788503674879365],[-119.21709500702244,40.788618947517321],[-119.21697814838369,40.788732782055163],[-119.21685885444765,40.788845148009294],[-119.21673715714799,40.788956015289223],[-119.21661308906234,40.789065354205611],[-119.21648668340373,40.789173135478322],[-119.21635797401176,40.789279330244135],[-119.21622699534329,40.789383910064579],[-119.21609378246353,40.789486846933571]]},"properties":{"OBJECTID":470,"name":"B","source":"annular","kind":"annular","width_ft":30}},{"type":"Feature","id":471,"geometry":{"type":"LineString","coordinates":[[-119.21537872416819,40.788943469316145],[-119.21609378246353,40.789486846933571]]},"properties":{"OBJECTID":471,"name":"9:00","source":"radial","kind":"avenue","width_ft":40}},{"type":"Feature","id":472,"geometry":{"type":"LineString","coordinates":[[-119.22398186139645,40.788314295444572],[-119.22385241040908,40.788545307979859],[-119.22371801619194,40.788773480160444],[-119.22357874103768,40.788998706226884],[-119.22343464950137,40.789220881785297],[-119.22328580837045,40.78943990385573],[-119.22313228663383,40.789655670919892],[-119.22297415544993,40.789868082968219]]},"properties":{"OBJECTID":472,"name":"G","source":"annular","kind":"annular","width_ft":30}},{"type":"Feature","id":473,"geometry":{"type":"LineString","coordinates":[[-119.22209838259542,40.789483935231047],[-119.22297415544993,40.789868082968219]]},"properties":{"OBJECTID":473,"name":"8:30","source":"radial","kind":"avenue","width_ft":40}},{"type":"Feature","id":474,"geometry":{"type":"LineString","coordinates":[[-119.21239817214844,40.789189842962642],[-119.21216405634009,40.789288649027533],[-119.21192767568536,40.789381906929329],[-119.21168916164535,40.789469564803447],[-119.21144864686762,40.789551573899701],[-119.21120626511241,40.789627888609438],[-119.21096215117829,40.789698466490862],[-119.21071644082716,40.789763268292695],[-119.21046927070873,40.78982225797597],[-119.21022077828457,40.789875402734062]]},"properties":{"OBJECTID":474,"name":"ESP","source":"annular","kind":"annular","width_ft":40}},{"type":"Feature","id":475,"geometry":{"type":"LineString","coordinates":[[-119.21881431628134,40.788043318403929],[-119.21870962343439,40.788178612696889],[-119.2186020316896,40.788312586835154],[-119.21849156984088,40.788445204942626],[-119.21837826745133,40.788576431506172],[-119.21826215484521,40.788706231385028],[-119.21814326309988,40.788834569820317],[-119.21802162403748,40.788961412444309],[-119.21789727021635,40.789086725289664],[-119.21777023492251,40.789210474798502],[-119.21764055216049,40.789332627831378],[-119.21750825664448,40.789453151676263],[-119.21737338378887,40.78957201405715],[-119.21723596969883,40.78968918314289],[-119.21709605116068,40.789804627555604],[-119.21695366563208,40.789918316379065],[-119.21680885123179,40.790030219167143]]},"properties":{"OBJECTID":475,"name":"C","source":"annular","kind":"annular","width_ft":30}},{"type":"Feature","id":476,"geometry":{"type":"LineString","coordinates":[[-119.21609378246353,40.789486846933571],[-119.21680885123179,40.790030219167143]]},"properties":{"OBJECTID":476,"name":"9:00","source":"radial","kind":"avenue","width_ft":40}},{"type":"Feature","id":477,"geometry":{"type":"LineString","coordinates":[[-119.21537872416819,40.788943469316145],[-119.21517356307832,40.789094400587267],[-119.21496489657615,40.789240447197166],[-119.21475284093556,40.789381527765244],[-119.21453751431896,40.789517563678075],[-119.21431903671143,40.789648479133234],[-119.21409752985383,40.789774201181551],[-119.21387311717503,40.789894659767732],[-119.21364592372304,40.790009787769399],[-119.21341607609543,40.790119521034534],[-119.21318370236871,40.790223798417166]]},"properties":{"OBJECTID":477,"name":"A","source":"annular","kind":"annular","width_ft":30}},{"type":"Feature","id":478,"geometry":{"type":"LineString","coordinates":[[-119.21239817214844,40.789189842962642],[-119.21318370236871,40.790223798417166]]},"properties":{"OBJECTID":478,"name":"9:30","source":"radial","kind":"avenue","width_ft":40}},{"type":"Feature","id":479,"geometry":{"type":"LineString","coordinates":[[-119.22491610913512,40.788608261708433],[-119.22477914944326,40.788852681602222],[-119.22463695953699,40.789094096332988],[-119.22448960532466,40.789332393999338],[-119.22433715510843,40.78956746414471],[-119.22417967955253,40.789799197808577],[-119.22401725165058,40.79002748757695],[-119.22384994669173,40.790252227632166]]},"properties":{"OBJECTID":479,"name":"H","source":"annular","kind":"annular","width_ft":30}},{"type":"Feature","id":480,"geometry":{"type":"LineString","coordinates":[[-119.22297415544993,40.789868082968219],[-119.22384994669173,40.790252227632166]]},"properties":{"OBJECTID":480,"name":"8:30","source":"radial","kind":"avenue","width_ft":40}},{"type":"Feature","id":481,"geometry":{"type":"LineString","coordinates":[[-119.2196900548428,40.788427492967244],[-119.21957697586882,40.788573627176852],[-119.21946076567835,40.788718335483686],[-119.21934145537091,40.788861579136544],[-119.21921907687678,40.789003319776199],[-119.21909366294855,40.789143519445702],[-119.21896524715233,40.789282140600498],[-119.21883386385868,40.789419146118497],[-119.21869954823354,40.789554499310135],[-119.21856233622877,40.78968816392802],[-119.21842226457254,40.789820104176748],[-119.2182793707595,40.789950284722565],[-119.21813369304076,40.790078670702705],[-119.21798527041365,40.790205227734795],[-119.21783414261124,40.790329921926102],[-119.21768035009183,40.790452719882559],[-119.21752393402798,40.790573588717763]]},"properties":{"OBJECTID":481,"name":"D","source":"annular","kind":"annular","width_ft":30}},{"type":"Feature","id":482,"geometry":{"type":"LineString","coordinates":[[-119.21680885123179,40.790030219167143],[-119.21752393402798,40.790573588717763]]},"properties":{"OBJECTID":482,"name":"9:00","source":"radial","kind":"avenue","width_ft":40}},{"type":"Feature","id":483,"geometry":{"type":"LineString","coordinates":[[-119.22585036511141,40.788902220391826],[-119.22570589558327,40.789160047195104],[-119.22555590886958,40.789414704004876],[-119.2254004744948,40.789666072778175],[-119.22523966450862,40.789914036996137],[-119.22507355345248,40.790158481718059],[-119.22490221832507,40.790399293634636],[-119.22472573854667,40.790636361120519]]},"properties":{"OBJECTID":483,"name":"I","source":"annular","kind":"annular","width_ft":30}},{"type":"Feature","id":484,"geometry":{"type":"LineString","coordinates":[[-119.22384994669173,40.790252227632166],[-119.22472573854667,40.790636361120519]]},"properties":{"OBJECTID":484,"name":"8:30","source":"radial","kind":"avenue","width_ft":40}},{"type":"Feature","id":485,"geometry":{"type":"LineString","coordinates":[[-119.22209838259542,40.789483935231047],[-119.22191305999206,40.789721522869804],[-119.2217222229298,40.789954704277889],[-119.2215259761343,40.790183351492317],[-119.22132442729995,40.790407339038353],[-119.2211176870307,40.790626543998329],[-119.22090586877943,40.790840846079128]]},"properties":{"OBJECTID":485,"name":"F","source":"annular","kind":"annular","width_ft":30}},{"type":"Feature","id":486,"geometry":{"type":"LineString","coordinates":[[-119.22645095539475,40.78909118725641],[-119.22630165963916,40.789357633327036],[-119.22614666218668,40.789620803463862],[-119.22598603488618,40.789880575674701],[-119.22581985219624,40.790136829542483],[-119.22564819115063,40.790389446281061],[-119.22547113132261,40.790638308790278],[-119.22528875478802,40.790883301710224]]},"properties":{"OBJECTID":486,"name":"J","source":"annular","kind":"annular","width_ft":30}},{"type":"Feature","id":487,"geometry":{"type":"LineString","coordinates":[[-119.22472573854667,40.790636361120519],[-119.22528875478802,40.790883301710224]]},"properties":{"OBJECTID":487,"name":"8:30","source":"radial","kind":"avenue","width_ft":40}},{"type":"Feature","id":488,"geometry":{"type":"LineString","coordinates":[[-119.21609378246353,40.789486846933571],[-119.21595837109102,40.789588113292737],[-119.21582079742437,40.789687682015909],[-119.21568109829633,40.7897855264386],[-119.2155393111094,40.789881620357853],[-119.21539547382572,40.789975938039539],[-119.21524962495697,40.790068454225008],[-119.21510180355402,40.790159144138002],[-119.21495204919641,40.790247983491192],[-119.21480040198198,40.790334948492784],[-119.21464690251584,40.790420015852874],[-119.21449159189972,40.790503162789669],[-119.21433451172074,40.790584367035535],[-119.21417570404054,40.79066360684309],[-119.21401521138377,40.790740860991008],[-119.21385307672676,40.790816108789578],[-119.21368934348621,40.790889330086429]]},"properties":{"OBJECTID":488,"name":"B","source":"annular","kind":"annular","width_ft":30}},{"type":"Feature","id":489,"geometry":{"type":"LineString","coordinates":[[-119.21318370236871,40.790223798417166],[-119.21368934348621,40.790889330086429]]},"properties":{"OBJECTID":489,"name":"9:30","source":"radial","kind":"avenue","width_ft":40}},{"type":"Feature","id":490,"geometry":{"type":"LineString","coordinates":[[-119.21318370236871,40.790223798417166],[-119.21290884694154,40.790339799057186],[-119.21263133250984,40.790449286017733],[-119.21235131341345,40.790552198407575],[-119.21206894538514,40.790648478991905],[-119.21178438546407,40.790738074224237],[-119.21149779190844,40.790820934276105],[-119.2112093241074,40.790897013064857],[-119.21091914249253,40.79096626827922],[-119.21062740844849,40.791028661402862]]},"properties":{"OBJECTID":490,"name":"A","source":"annular","kind":"annular","width_ft":30}},{"type":"Feature","id":491,"geometry":{"type":"LineString","coordinates":[[-119.21022077828457,40.789875402734062],[-119.21062740844849,40.791028661402862]]},"properties":{"OBJECTID":491,"name":"10:00","source":"radial","kind":"avenue","width_ft":40}},{"type":"Feature","id":492,"geometry":{"type":"LineString","coordinates":[[-119.22058144166138,40.788818520921652],[-119.22045982673981,40.78897568858126],[-119.22033484412701,40.789131322700811],[-119.22020652726906,40.789285381602532],[-119.22007491050569,40.789437824030259],[-119.21994002906101,40.789588609160347],[-119.21980191903418,40.789737696612811],[-119.21966061738969,40.78988504646194],[-119.21951616194751,40.790030619247119],[-119.21936859137293,40.790174375983419],[-119.21921794516632,40.790316278171943],[-119.21906426365246,40.790456287810287],[-119.2189075879698,40.790594367402576],[-119.21874796005943,40.790730479969653],[-119.21858542265383,40.790864589058863],[-119.21842001926557,40.79099665875394],[-119.21825179417546,40.791126653684579]]},"properties":{"OBJECTID":492,"name":"E","source":"annular","kind":"annular","width_ft":40}},{"type":"Feature","id":493,"geometry":{"type":"LineString","coordinates":[[-119.21752393402798,40.790573588717763],[-119.21825179417546,40.791126653684579]]},"properties":{"OBJECTID":493,"name":"9:00","source":"radial","kind":"avenue","width_ft":40}},{"type":"Feature","id":494,"geometry":{"type":"LineString","coordinates":[[-119.22708493142848,40.789290654231692],[-119.22693053970804,40.789566198050935],[-119.22677025154752,40.789838354082022],[-119.22660414124979,40.790106996164816],[-119.22643228581664,40.790371999768105],[-119.22625476491304,40.790633242047321],[-119.22607166083026,40.790890601901467],[-119.22588305844766,40.791143960029309]]},"properties":{"OBJECTID":494,"name":"K","source":"annular","kind":"annular","width_ft":50}},{"type":"Feature","id":495,"geometry":{"type":"LineString","coordinates":[[-119.22528875478802,40.790883301710224],[-119.22588305844766,40.791143960029309]]},"properties":{"OBJECTID":495,"name":"8:30","source":"radial","kind":"avenue","width_ft":40}},{"type":"Feature","id":496,"geometry":{"type":"LineString","coordinates":[[-119.22297415544993,40.789868082968219],[-119.22280588402818,40.790084560062475],[-119.22263329993929,40.790297614834728],[-119.22245647276866,40.790507161381925],[-119.22227547381246,40.790713115215524],[-119.22209037604895,40.790915393295549],[-119.22190125410899,40.791113914064084],[-119.22170818424597,40.79130859747815]]},"properties":{"OBJECTID":496,"name":"G","source":"annular","kind":"annular","width_ft":30}},{"type":"Feature","id":497,"geometry":{"type":"LineString","coordinates":[[-119.22090586877943,40.790840846079128],[-119.22170818424597,40.79130859747815]]},"properties":{"OBJECTID":497,"name":"8:45","source":"radial","kind":"path","width_ft":40}},{"type":"Feature","id":498,"geometry":{"type":"LineString","coordinates":[[-119.21680885123179,40.790030219167143],[-119.21666164670559,40.790140305967292],[-119.21651209148776,40.79024854728172],[-119.21636022561896,40.790354914122716],[-119.2162060897593,40.790459378004343],[-119.21604972517743,40.790561910950231],[-119.21589117373932,40.790662485500889],[-119.21573047789732,40.79076107472136],[-119.21556768067859,40.790857652208103],[-119.21540282567368,40.790952192096313],[-119.21523595702476,40.791044669066807],[-119.2150671194139,40.79113505835268],[-119.21489635805102,40.791223335746118],[-119.21472371866184,40.791309477604798],[-119.21454924747553,40.791393460858231],[-119.21437299121243,40.791475263013979],[-119.2141949970715,40.791554862163657]]},"properties":{"OBJECTID":498,"name":"C","source":"annular","kind":"annular","width_ft":30}},{"type":"Feature","id":499,"geometry":{"type":"LineString","coordinates":[[-119.21368934348621,40.790889330086429],[-119.2141949970715,40.791554862163657]]},"properties":{"OBJECTID":499,"name":"9:30","source":"radial","kind":"avenue","width_ft":40}},{"type":"Feature","id":500,"geometry":{"type":"LineString","coordinates":[[-119.21368934348621,40.790889330086429],[-119.21341850613862,40.791004011780167],[-119.21314529584217,40.791112919510063],[-119.21286983567539,40.791216004214263],[-119.21259224973039,40.791313219454111],[-119.21231266305691,40.791404521435098],[-119.212031201606,40.791489869026577],[-119.21174799217327,40.791569223780307],[-119.2114631623418,40.791642549947738],[-119.21117684042464,40.791709814496151],[-119.21088915540699,40.791770987123542]]},"properties":{"OBJECTID":500,"name":"B","source":"annular","kind":"annular","width_ft":30}},{"type":"Feature","id":501,"geometry":{"type":"LineString","coordinates":[[-119.21062740844849,40.791028661402862],[-119.21088915540699,40.791770987123542]]},"properties":{"OBJECTID":501,"name":"10:00","source":"radial","kind":"avenue","width_ft":40}},{"type":"Feature","id":502,"geometry":{"type":"LineString","coordinates":[[-119.22384994669173,40.790252227632166],[-119.22367191103102,40.790481267922033],[-119.22348931235496,40.790706687252097],[-119.22330222428883,40.790928394731402],[-119.22311072226812,40.791146300965664],[-119.22291488350801,40.791360318093275],[-119.22271478697235,40.791570359820746],[-119.22251051334169,40.791776341457513]]},"properties":{"OBJECTID":502,"name":"H","source":"annular","kind":"annular","width_ft":30}},{"type":"Feature","id":503,"geometry":{"type":"LineString","coordinates":[[-119.22170818424597,40.79130859747815],[-119.22251051334169,40.791776341457513]]},"properties":{"OBJECTID":503,"name":"8:45","source":"radial","kind":"path","width_ft":40}},{"type":"Feature","id":504,"geometry":{"type":"LineString","coordinates":[[-119.22090586877943,40.790840846079128],[-119.22068129645534,40.791058033556119],[-119.22045204550864,40.7912702766534],[-119.22021822477461,40.791477474610055],[-119.21997994525799,40.791679529060303],[-119.21973732008031,40.791876344080215],[-119.21949046442617,40.792067826233236]]},"properties":{"OBJECTID":504,"name":"F","source":"annular","kind":"annular","width_ft":30}},{"type":"Feature","id":505,"geometry":{"type":"LineString","coordinates":[[-119.21825179417546,40.791126653684579],[-119.21949046442617,40.792067826233236]]},"properties":{"OBJECTID":505,"name":"9:00","source":"radial","kind":"avenue","width_ft":40}},{"type":"Feature","id":506,"geometry":{"type":"LineString","coordinates":[[-119.21752393402798,40.790573588717763],[-119.21736493600294,40.790692495850749],[-119.21720339888155,40.790809409643884],[-119.21703936591257,40.790924298786052],[-119.21687288101383,40.791037132508251],[-119.21670398876051,40.791147880591787],[-119.21653273437325,40.791256513376389],[-119.21635916370589,40.791363001768083],[-119.21618332323337,40.791467317247225],[-119.21600526003917,40.791569431875843],[-119.21582502180271,40.791669318305345],[-119.21564265678668,40.791766949783785],[-119.21545821382395,40.791862300162975],[-119.21527174230451,40.791955343905627],[-119.21508329216238,40.792046056092047],[-119.2148929138621,40.792134412426954],[-119.21470065838525,40.792220389245934]]},"properties":{"OBJECTID":506,"name":"D","source":"annular","kind":"annular","width_ft":30}},{"type":"Feature","id":507,"geometry":{"type":"LineString","coordinates":[[-119.2141949970715,40.791554862163657],[-119.21470065838525,40.792220389245934]]},"properties":{"OBJECTID":507,"name":"9:30","source":"radial","kind":"avenue","width_ft":40}},{"type":"Feature","id":508,"geometry":{"type":"LineString","coordinates":[[-119.22472573854667,40.790636361120519],[-119.22453794030665,40.790877965627487],[-119.22434532865647,40.791115750549125],[-119.22414798126155,40.791349620005143],[-119.22394597769684,40.79157947969405],[-119.2237393994148,40.791805236931197],[-119.22352832971245,40.792026800686116],[-119.22331285369793,40.792244081619266]]},"properties":{"OBJECTID":508,"name":"I","source":"annular","kind":"annular","width_ft":30}},{"type":"Feature","id":509,"geometry":{"type":"LineString","coordinates":[[-119.22251051334169,40.791776341457513],[-119.22331285369793,40.792244081619266]]},"properties":{"OBJECTID":509,"name":"8:45","source":"radial","kind":"path","width_ft":40}},{"type":"Feature","id":510,"geometry":{"type":"LineString","coordinates":[[-119.2141949970715,40.791554862163657],[-119.21390056930042,40.791679532979543],[-119.21360356187699,40.79179792687777],[-119.21330410860143,40.791909990522541],[-119.21300234437587,40.792015673429766],[-119.21269840514344,40.792114927989878],[-119.21239242782713,40.792207709489226],[-119.21208455026809,40.792293976130246],[-119.21177491116349,40.792373689050272],[-119.21146365000409,40.79244681233908],[-119.21115090701137,40.792513313055004]]},"properties":{"OBJECTID":510,"name":"C","source":"annular","kind":"annular","width_ft":30}},{"type":"Feature","id":511,"geometry":{"type":"LineString","coordinates":[[-119.21088915540699,40.791770987123542],[-119.21115090701137,40.792513313055004]]},"properties":{"OBJECTID":511,"name":"10:00","source":"radial","kind":"avenue","width_ft":40}},{"type":"Feature","id":512,"geometry":{"type":"LineString","coordinates":[[-119.22528875478802,40.790883301710224],[-119.22509467988401,40.791132982955091],[-119.2248956306088,40.791378716913769],[-119.22469168722525,40.791620404498701],[-119.22448293196963,40.791857948253963],[-119.22426944901858,40.792091252394542],[-119.224051324455,40.792320222844978],[-119.2238286462335,40.792544767277278]]},"properties":{"OBJECTID":512,"name":"J","source":"annular","kind":"annular","width_ft":30}},{"type":"Feature","id":513,"geometry":{"type":"LineString","coordinates":[[-119.22331285369793,40.792244081619266],[-119.2238286462335,40.792544767277278]]},"properties":{"OBJECTID":513,"name":"8:45","source":"radial","kind":"path","width_ft":40}},{"type":"Feature","id":514,"geometry":{"type":"LineString","coordinates":[[-119.22170818424597,40.79130859747815],[-119.22150414262401,40.791506546969941],[-119.22129643978163,40.791700651359506],[-119.22108514816651,40.791890842942308],[-119.22087034147819,40.792077055378634],[-119.22065209464226,40.792259223716705],[-119.22043048378424,40.792437284415335],[-119.22020558620305,40.792611175366112]]},"properties":{"OBJECTID":514,"name":"G","source":"annular","kind":"annular","width_ft":30}},{"type":"Feature","id":515,"geometry":{"type":"LineString","coordinates":[[-119.21949046442617,40.792067826233236],[-119.22020558620305,40.792611175366112]]},"properties":{"OBJECTID":515,"name":"9:00","source":"radial","kind":"avenue","width_ft":40}},{"type":"Feature","id":516,"geometry":{"type":"LineString","coordinates":[[-119.22588305844766,40.791143960029309],[-119.22568235938473,40.791402167400371],[-119.22547651602054,40.791656292703607],[-119.22526561135957,40.791906233465234],[-119.22504973044732,40.792151888898829],[-119.22482896033584,40.792393159946016],[-119.22460339004874,40.792629949316357],[-119.22437311054524,40.792862161526635]]},"properties":{"OBJECTID":516,"name":"K","source":"annular","kind":"annular","width_ft":50}},{"type":"Feature","id":517,"geometry":{"type":"LineString","coordinates":[[-119.2238286462335,40.792544767277278],[-119.22437311054524,40.792862161526635]]},"properties":{"OBJECTID":517,"name":"8:45","source":"radial","kind":"path","width_ft":40}},{"type":"Feature","id":518,"geometry":{"type":"LineString","coordinates":[[-119.21825179417546,40.791126653684579],[-119.21808079241528,40.791254539061619],[-119.21790705977125,40.791380280608756],[-119.21773064275737,40.791503844649846],[-119.21755158860731,40.791625198091744],[-119.21736994526188,40.791744308433202],[-119.21718576135609,40.791861143773538],[-119.21699908620614,40.791975672821195],[-119.21680996979624,40.792087864902193],[-119.21661846276528,40.792197689968205],[-119.21642461639313,40.792305118604851],[-119.2162284825869,40.792410122039335],[-119.21603011386723,40.792512672148298],[-119.21582956335408,40.792612741465348],[-119.21562688475237,40.792710303188429],[-119.21542213233785,40.792805331186997],[-119.21521536094242,40.792897800008944]]},"properties":{"OBJECTID":518,"name":"E","source":"annular","kind":"annular","width_ft":40}},{"type":"Feature","id":519,"geometry":{"type":"LineString","coordinates":[[-119.21470065838525,40.792220389245934],[-119.21521536094242,40.792897800008944]]},"properties":{"OBJECTID":519,"name":"9:30","source":"radial","kind":"avenue","width_ft":40}},{"type":"Feature","id":520,"geometry":{"type":"LineString","coordinates":[[-119.21949046442617,40.792067826233236],[-119.21923074996704,40.792260712130727],[-119.21896717030631,40.792448281670346],[-119.21869983425276,40.792630457421211],[-119.2184288521658,40.792807164179081],[-119.21815433590994,40.792978328997336],[-119.21787639880871,40.793143881217176]]},"properties":{"OBJECTID":520,"name":"F","source":"annular","kind":"annular","width_ft":30}},{"type":"Feature","id":521,"geometry":{"type":"LineString","coordinates":[[-119.22251051334169,40.791776341457513],[-119.22229463202193,40.791985780251096],[-119.22207487691212,40.792191150755762],[-119.2218513246665,40.792392381334842],[-119.22162405326385,40.792589401795752],[-119.22139314198024,40.792782143414449],[-119.22115867136139,40.792970538959437],[-119.22092072319457,40.793154522715199]]},"properties":{"OBJECTID":521,"name":"H","source":"annular","kind":"annular","width_ft":30}},{"type":"Feature","id":522,"geometry":{"type":"LineString","coordinates":[[-119.22020558620305,40.792611175366112],[-119.22092072319457,40.793154522715199]]},"properties":{"OBJECTID":522,"name":"9:00","source":"radial","kind":"avenue","width_ft":40}},{"type":"Feature","id":523,"geometry":{"type":"LineString","coordinates":[[-119.21470065838525,40.792220389245934],[-119.21441166821695,40.792343087057951],[-119.21412036444305,40.792460186083375],[-119.21382685552048,40.79257164272439],[-119.21353125072724,40.792677415483951],[-119.21323366012163,40.792777464981192],[-119.21293419450129,40.792871753966118],[-119.21263296536195,40.792960247333468],[-119.21233008485595,40.793042912135775],[-119.21202566575047,40.79311971759563],[-119.21171982138549,40.793190635117156],[-119.21141266563167,40.793255638296657]]},"properties":{"OBJECTID":523,"name":"D","source":"annular","kind":"annular","width_ft":30}},{"type":"Feature","id":524,"geometry":{"type":"LineString","coordinates":[[-119.21115090701137,40.792513313055004],[-119.21141266563167,40.793255638296657]]},"properties":{"OBJECTID":524,"name":"10:00","source":"radial","kind":"avenue","width_ft":40}},{"type":"Feature","id":525,"geometry":{"type":"LineString","coordinates":[[-119.22331285369793,40.792244081619266],[-119.22308513257191,40.7924650096354],[-119.2228533250847,40.792681646170692],[-119.22261751209726,40.792893915656258],[-119.22237777586774,40.793101744046552],[-119.22213420002288,40.793305058845206],[-119.22188686952876,40.793503789130327],[-119.22163587066116,40.793697865579226]]},"properties":{"OBJECTID":525,"name":"I","source":"annular","kind":"annular","width_ft":30}},{"type":"Feature","id":526,"geometry":{"type":"LineString","coordinates":[[-119.22092072319457,40.793154522715199],[-119.22163587066116,40.793697865579226]]},"properties":{"OBJECTID":526,"name":"9:00","source":"radial","kind":"avenue","width_ft":40}},{"type":"Feature","id":527,"geometry":{"type":"LineString","coordinates":[[-119.22020558620305,40.792611175366112],[-119.21992987132529,40.792815946004666],[-119.21965005303652,40.793015072681698],[-119.219366246852,40.793208473193239],[-119.21907856993332,40.793396067699241],[-119.21878714103991,40.793577778756479],[-119.21849208048017,40.793753531350553]]},"properties":{"OBJECTID":527,"name":"G","source":"annular","kind":"annular","width_ft":30}},{"type":"Feature","id":528,"geometry":{"type":"LineString","coordinates":[[-119.21787639880871,40.793143881217176],[-119.21849208048017,40.793753531350553]]},"properties":{"OBJECTID":528,"name":"9:15","source":"radial","kind":"path","width_ft":40}},{"type":"Feature","id":529,"geometry":{"type":"LineString","coordinates":[[-119.21521536094242,40.792897800008944],[-119.21490455025996,40.793029762524405],[-119.21459125126377,40.793155703482036],[-119.21427558060111,40.793275575991601],[-119.2139576558022,40.793389335422255],[-119.21363759523659,40.793496939419185],[-119.21331551806895,40.793598347919342],[-119.2129915442148,40.793693523166404],[-119.21266579429586,40.793782429724793],[-119.21233838959506,40.793865034492889],[-119.21200945201146,40.793941306715354],[-119.21167910401486,40.794011217994559]]},"properties":{"OBJECTID":529,"name":"E","source":"annular","kind":"annular","width_ft":40}},{"type":"Feature","id":530,"geometry":{"type":"LineString","coordinates":[[-119.21141266563167,40.793255638296657],[-119.21167910401486,40.794011217994559]]},"properties":{"OBJECTID":530,"name":"10:00","source":"radial","kind":"avenue","width_ft":40}},{"type":"Feature","id":531,"geometry":{"type":"LineString","coordinates":[[-119.2238286462335,40.792544767277278],[-119.22359331384962,40.792773081057817],[-119.22335375845441,40.79299695987752],[-119.22311006361309,40.793216325639669],[-119.22286231433489,40.793431101821874],[-119.22261059704337,40.793641213502745],[-119.22235499954625,40.793846587388032],[-119.22209561100483,40.794047151836182]]},"properties":{"OBJECTID":531,"name":"J","source":"annular","kind":"annular","width_ft":30}},{"type":"Feature","id":532,"geometry":{"type":"LineString","coordinates":[[-119.22163587066116,40.793697865579226],[-119.22209561100483,40.794047151836182]]},"properties":{"OBJECTID":532,"name":"9:00","source":"radial","kind":"avenue","width_ft":40}},{"type":"Feature","id":533,"geometry":{"type":"LineString","coordinates":[[-119.21787639880871,40.793143881217176],[-119.21758626705576,40.793309095681728],[-119.21729303701035,40.793468746531502],[-119.21699681534857,40.793622775686053],[-119.21669770983483,40.793771127110098],[-119.2163958292827,40.793913746833908],[-119.21609128351533,40.794050582972893]]},"properties":{"OBJECTID":533,"name":"F","source":"annular","kind":"annular","width_ft":30}},{"type":"Feature","id":534,"geometry":{"type":"LineString","coordinates":[[-119.21521536094242,40.792897800008944],[-119.21609128351533,40.794050582972893]]},"properties":{"OBJECTID":534,"name":"9:30","source":"radial","kind":"avenue","width_ft":40}},{"type":"Feature","id":535,"geometry":{"type":"LineString","coordinates":[[-119.22092072319457,40.793154522715199],[-119.22067095030489,40.79334059130877],[-119.22041797488964,40.793522281862195],[-119.22016187367853,40.793699539267095],[-119.21990272434937,40.793872309759713],[-119.21964060550445,40.794040540937182],[-119.21937559664683,40.794204181773488],[-119.21910777815606,40.794363182634889]]},"properties":{"OBJECTID":535,"name":"H","source":"annular","kind":"annular","width_ft":30}},{"type":"Feature","id":536,"geometry":{"type":"LineString","coordinates":[[-119.21849208048017,40.793753531350553],[-119.21910777815606,40.794363182634889]]},"properties":{"OBJECTID":536,"name":"9:15","source":"radial","kind":"path","width_ft":40}},{"type":"Feature","id":537,"geometry":{"type":"LineString","coordinates":[[-119.22437311054524,40.792862161526635],[-119.22412974424887,40.793098271791735],[-119.22388201068723,40.793329795643487],[-119.22362999628022,40.793556652316639],[-119.22337378894106,40.793778762674016],[-119.22311347804566,40.793996049234188],[-119.22284915440143,40.794208436198453],[-119.22258091021556,40.794415849477296]]},"properties":{"OBJECTID":537,"name":"K","source":"annular","kind":"annular","width_ft":50}},{"type":"Feature","id":538,"geometry":{"type":"LineString","coordinates":[[-119.22209561100483,40.794047151836182],[-119.22258091021556,40.794415849477296]]},"properties":{"OBJECTID":538,"name":"9:00","source":"radial","kind":"avenue","width_ft":40}},{"type":"Feature","id":539,"geometry":{"type":"LineString","coordinates":[[-119.21849208048017,40.793753531350553],[-119.21818407359763,40.79392892607116],[-119.21787277747633,40.794098414337952],[-119.21755830536712,40.794261934490386],[-119.2172407716763,40.794419427039138],[-119.21692029192397,40.794570834687747],[-119.216596982702,40.794716102353469]]},"properties":{"OBJECTID":539,"name":"G","source":"annular","kind":"annular","width_ft":30}},{"type":"Feature","id":540,"geometry":{"type":"LineString","coordinates":[[-119.21609128351533,40.794050582972893],[-119.216596982702,40.794716102353469]]},"properties":{"OBJECTID":540,"name":"9:30","source":"radial","kind":"avenue","width_ft":40}},{"type":"Feature","id":541,"geometry":{"type":"LineString","coordinates":[[-119.21609128351533,40.794050582972893],[-119.2157759624545,40.794185332305602],[-119.21545825671198,40.794314358718559],[-119.21513827014596,40.794437620032937],[-119.21481610736018,40.79455507595457],[-119.21449187366984,40.794666688087041],[-119.21416567506711,40.794772419944294]]},"properties":{"OBJECTID":541,"name":"F","source":"annular","kind":"annular","width_ft":30}},{"type":"Feature","id":542,"geometry":{"type":"LineString","coordinates":[[-119.22163587066116,40.793697865579226],[-119.22137239740366,40.79389414075002],[-119.22110554591326,40.79408579768873],[-119.22083539713019,40.79427277826283],[-119.22056203299479,40.794455025758189],[-119.22028553642268,40.794632484896283],[-119.22000599127956,40.79480510185099],[-119.21972348235589,40.794972824264896]]},"properties":{"OBJECTID":542,"name":"I","source":"annular","kind":"annular","width_ft":30}},{"type":"Feature","id":543,"geometry":{"type":"LineString","coordinates":[[-119.21910777815606,40.794363182634889],[-119.21972348235589,40.794972824264896]]},"properties":{"OBJECTID":543,"name":"9:15","source":"radial","kind":"path","width_ft":40}},{"type":"Feature","id":544,"geometry":{"type":"LineString","coordinates":[[-119.21416567506711,40.794772419944294],[-119.21383077898821,40.794874504754546],[-119.21349416289563,40.794970766368735],[-119.21315592803523,40.795061175833737],[-119.21281617613977,40.7951457059566],[-119.21247500939825,40.795224331312738],[-119.21213253042525,40.795297028253572]]},"properties":{"OBJECTID":544,"name":"F","source":"annular","kind":"annular","width_ft":30}},{"type":"Feature","id":545,"geometry":{"type":"LineString","coordinates":[[-119.21167910401486,40.794011217994559],[-119.21213253042525,40.795297028253572]]},"properties":{"OBJECTID":545,"name":"10:00","source":"radial","kind":"avenue","width_ft":40}},{"type":"Feature","id":546,"geometry":{"type":"LineString","coordinates":[[-119.22209561100483,40.794047151836182],[-119.22182333082827,40.79424998899831],[-119.22154755944545,40.794448053516341],[-119.22126838050359,40.794641285313176],[-119.22098587868349,40.79482962577756],[-119.22070013967385,40.795013017781905],[-119.22041125014529,40.79519140569959],[-119.22011929772404,40.795364735421821]]},"properties":{"OBJECTID":546,"name":"J","source":"annular","kind":"annular","width_ft":30}},{"type":"Feature","id":547,"geometry":{"type":"LineString","coordinates":[[-119.21972348235589,40.794972824264896],[-119.22011929772404,40.795364735421821]]},"properties":{"OBJECTID":547,"name":"9:15","source":"radial","kind":"path","width_ft":40}},{"type":"Feature","id":548,"geometry":{"type":"LineString","coordinates":[[-119.21910777815606,40.794363182634889],[-119.21878189532369,40.794548757062579],[-119.21845253231965,40.794728082186914],[-119.21811980896963,40.794901092767539],[-119.21778384632188,40.795067725861401],[-119.21744476660312,40.795227920845633],[-119.21710269317408,40.795381619439624]]},"properties":{"OBJECTID":548,"name":"H","source":"annular","kind":"annular","width_ft":30}},{"type":"Feature","id":549,"geometry":{"type":"LineString","coordinates":[[-119.216596982702,40.794716102353469],[-119.21710269317408,40.795381619439624]]},"properties":{"OBJECTID":549,"name":"9:30","source":"radial","kind":"avenue","width_ft":40}},{"type":"Feature","id":550,"geometry":{"type":"LineString","coordinates":[[-119.216596982702,40.794716102353469],[-119.21626223304685,40.794859153968432],[-119.21592495176942,40.794996130010354],[-119.21558524912835,40.795126985701188],[-119.21524323617388,40.795251678263661],[-119.21489902471146,40.795370166935264],[-119.21455272726523,40.795482412981542]]},"properties":{"OBJECTID":550,"name":"G","source":"annular","kind":"annular","width_ft":30}},{"type":"Feature","id":551,"geometry":{"type":"LineString","coordinates":[[-119.21416567506711,40.794772419944294],[-119.21455272726523,40.795482412981542]]},"properties":{"OBJECTID":551,"name":"9:45","source":"radial","kind":"path","width_ft":40}},{"type":"Feature","id":552,"geometry":{"type":"LineString","coordinates":[[-119.22258091021556,40.794415849477296],[-119.22229933322856,40.794625613185083],[-119.22201414578539,40.794830441247079],[-119.22172543439089,40.795030271533555],[-119.22143328661875,40.795225043430776],[-119.22113779108504,40.795414697859329],[-119.22083903742127,40.795599177292061],[-119.22053711624726,40.79577842577153]]},"properties":{"OBJECTID":552,"name":"K","source":"annular","kind":"annular","width_ft":50}},{"type":"Feature","id":553,"geometry":{"type":"LineString","coordinates":[[-119.22011929772404,40.795364735421821],[-119.22053711624726,40.79577842577153]]},"properties":{"OBJECTID":553,"name":"9:15","source":"radial","kind":"path","width_ft":40}},{"type":"Feature","id":554,"geometry":{"type":"LineString","coordinates":[[-119.21455272726523,40.795482412981542],[-119.21419719651192,40.795590788799721],[-119.21383983974023,40.795692982597174],[-119.21348076443525,40.795788963636248],[-119.21312007859896,40.795878703047947],[-119.21275789071777,40.795962173840614],[-119.21239430972986,40.796039350908075]]},"properties":{"OBJECTID":554,"name":"G","source":"annular","kind":"annular","width_ft":30}},{"type":"Feature","id":555,"geometry":{"type":"LineString","coordinates":[[-119.21213253042525,40.795297028253572],[-119.21239430972986,40.796039350908075]]},"properties":{"OBJECTID":555,"name":"10:00","source":"radial","kind":"avenue","width_ft":40}},{"type":"Feature","id":556,"geometry":{"type":"LineString","coordinates":[[-119.21972348235589,40.794972824264896],[-119.21942906026248,40.795141016698025],[-119.21913192779218,40.795304373236753],[-119.21883216436777,40.795462850216275],[-119.21852985011527,40.795616405276078],[-119.21822506584256,40.795764997371279],[-119.2179178930177,40.795908586783575],[-119.21760841374726,40.796047135131872]]},"properties":{"OBJECTID":556,"name":"I","source":"annular","kind":"annular","width_ft":30}},{"type":"Feature","id":557,"geometry":{"type":"LineString","coordinates":[[-119.21710269317408,40.795381619439624],[-119.21760841374726,40.796047135131872]]},"properties":{"OBJECTID":557,"name":"9:30","source":"radial","kind":"avenue","width_ft":40}},{"type":"Feature","id":558,"geometry":{"type":"LineString","coordinates":[[-119.21710269317408,40.795381619439624],[-119.21674851506067,40.795532974256695],[-119.21639165836409,40.795677900840737],[-119.21603223974374,40.79581635181404],[-119.21567037669656,40.795948281915827],[-119.21530618751862,40.796073648017057],[-119.21493979126639,40.796192409134484]]},"properties":{"OBJECTID":558,"name":"H","source":"annular","kind":"annular","width_ft":30}},{"type":"Feature","id":559,"geometry":{"type":"LineString","coordinates":[[-119.21455272726523,40.795482412981542],[-119.21493979126639,40.796192409134484]]},"properties":{"OBJECTID":559,"name":"9:45","source":"radial","kind":"path","width_ft":40}},{"type":"Feature","id":560,"geometry":{"type":"LineString","coordinates":[[-119.22011929772404,40.795364735421821],[-119.21981503358658,40.795538551269516],[-119.21950796843343,40.795707369532693],[-119.2191981843435,40.795871145086025],[-119.21888576412238,40.796029834152115],[-119.2185707912804,40.796183394313189],[-119.21825335001016,40.796331784522444],[-119.21793352516409,40.796474965115003]]},"properties":{"OBJECTID":560,"name":"J","source":"annular","kind":"annular","width_ft":30}},{"type":"Feature","id":561,"geometry":{"type":"LineString","coordinates":[[-119.21760841374726,40.796047135131872],[-119.21793352516409,40.796474965115003]]},"properties":{"OBJECTID":561,"name":"9:30","source":"radial","kind":"avenue","width_ft":40}},{"type":"Feature","id":562,"geometry":{"type":"LineString","coordinates":[[-119.21493979126639,40.796192409134484],[-119.21456362500304,40.796307075195557],[-119.21418552673177,40.796415200403111],[-119.21380561017695,40.796516752235263],[-119.21342398960982,40.796611700147267],[-119.21304077981419,40.796700015580697],[-119.21265609605187,40.796781671972049]]},"properties":{"OBJECTID":562,"name":"H","source":"annular","kind":"annular","width_ft":30}},{"type":"Feature","id":563,"geometry":{"type":"LineString","coordinates":[[-119.21239430972986,40.796039350908075],[-119.21265609605187,40.796781671972049]]},"properties":{"OBJECTID":563,"name":"10:00","source":"radial","kind":"avenue","width_ft":40}},{"type":"Feature","id":564,"geometry":{"type":"LineString","coordinates":[[-119.21760841374726,40.796047135131872],[-119.21728835514848,40.796184399112789],[-119.21696620775678,40.796316686546511],[-119.21664204894633,40.796443965659911],[-119.21631595657442,40.796566205882769],[-119.21598800896275,40.796683377855118],[-119.21565828487861,40.796795453434285],[-119.215326863516,40.79690240570168]]},"properties":{"OBJECTID":564,"name":"I","source":"annular","kind":"annular","width_ft":30}},{"type":"Feature","id":565,"geometry":{"type":"LineString","coordinates":[[-119.21493979126639,40.796192409134484],[-119.215326863516,40.79690240570168]]},"properties":{"OBJECTID":565,"name":"9:45","source":"radial","kind":"path","width_ft":40}},{"type":"Feature","id":566,"geometry":{"type":"LineString","coordinates":[[-119.22053711624726,40.79577842577153],[-119.22022246231951,40.795958176882124],[-119.21990491171348,40.796132759723825],[-119.2195845493118,40.796302127629872],[-119.21926146074874,40.7964662353275],[-119.21893573238725,40.796625038950012],[-119.21860745129592,40.79677849604851],[-119.2182767052257,40.796926565603258]]},"properties":{"OBJECTID":566,"name":"K","source":"annular","kind":"annular","width_ft":50}},{"type":"Feature","id":567,"geometry":{"type":"LineString","coordinates":[[-119.21793352516409,40.796474965115003],[-119.2182767052257,40.796926565603258]]},"properties":{"OBJECTID":567,"name":"9:30","source":"radial","kind":"avenue","width_ft":40}},{"type":"Feature","id":568,"geometry":{"type":"LineString","coordinates":[[-119.215326863516,40.79690240570168],[-119.21498687476328,40.79700650414015],[-119.21464537614062,40.797105537102311],[-119.21430244311381,40.797199482703483],[-119.21395815146553,40.797288320183164],[-119.21361257727878,40.797372029909702],[-119.21326579691993,40.797450593384575],[-119.21291788702192,40.797523993246514]]},"properties":{"OBJECTID":568,"name":"I","source":"annular","kind":"annular","width_ft":30}},{"type":"Feature","id":569,"geometry":{"type":"LineString","coordinates":[[-119.21265609605187,40.796781671972049],[-119.21291788702192,40.797523993246514]]},"properties":{"OBJECTID":569,"name":"10:00","source":"radial","kind":"avenue","width_ft":40}},{"type":"Feature","id":570,"geometry":{"type":"LineString","coordinates":[[-119.2182767052257,40.796926565603258],[-119.21793465194632,40.797073262890649],[-119.2175903663057,40.797214641593889],[-119.21724393099664,40.797350667755722],[-119.21689542922825,40.797481308704484],[-119.21654494470597,40.797606533061966],[-119.21619256161148,40.797726310750967],[-119.21583836458247,40.797840613002492]]},"properties":{"OBJECTID":570,"name":"K","source":"annular","kind":"annular","width_ft":50}},{"type":"Feature","id":571,"geometry":{"type":"LineString","coordinates":[[-119.215326863516,40.79690240570168],[-119.21583836458247,40.797840613002492]]},"properties":{"OBJECTID":571,"name":"9:45","source":"radial","kind":"path","width_ft":40}},{"type":"Feature","id":572,"geometry":{"type":"LineString","coordinates":[[-119.21583836458247,40.797840613002492],[-119.21547501067224,40.79795186532035],[-119.215110043124,40.798057704023293],[-119.21474354259043,40.798158105722457],[-119.21437559006296,40.798253048230492],[-119.21400626685389,40.798342510566442],[-119.21363565457844,40.798426472960394],[-119.2132638351367,40.798504916857844]]},"properties":{"OBJECTID":572,"name":"K","source":"annular","kind":"annular","width_ft":50}},{"type":"Feature","id":573,"geometry":{"type":"LineString","coordinates":[[-119.21291788702192,40.797523993246514],[-119.2132638351367,40.798504916857844]]},"properties":{"OBJECTID":573,"name":"10:00","source":"radial","kind":"avenue","width_ft":40}}]}